Chr;Pos;Ref;Alt;Gene_Name;Gene_ID;Number_of_transcripts_in_gene;Percent_of_transcripts_affected
MT;2750;A;AAAGAACACTATTAGGGAGAGGATTTGAACCTCT;mt-Nd1;ENSMUSG00000064341;1;1
MT;2750;A;AAAGAACACTATTAGGGAGAGGATTTGAACCTCT;00
MT;3104;ATCAGG;A;mt-Nd1;ENSMUSG00000064341;1;1
MT;3104;ATCAGG;A;00
MT;3282;G;GGT;mt-Nd1;ENSMUSG00000064341;1;1
MT;3282;G;GGT;00
MT;3283;CCT;C;mt-Nd1;ENSMUSG00000064341;1;1
MT;3283;CCT;C;00
MT;3290;C;CGGTTTGTTTCTGCT;mt-Nd1;ENSMUSG00000064341;1;1
MT;3290;C;CGGTTTGTTTCTGCT;00
MT;3292;T;TTG;mt-Nd1;ENSMUSG00000064341;1;1
MT;3292;T;TTG;00
MT;3294;GCC;G;mt-Nd1;ENSMUSG00000064341;1;1
MT;3294;GCC;G;00
MT;3336;G;GC;mt-Nd1;ENSMUSG00000064341;1;1
MT;3336;G;GC;00
MT;3336;G;GCC;mt-Nd1;ENSMUSG00000064341;1;1
MT;3336;G;GCC;00
MT;4015;AT;A;mt-Nd2;ENSMUSG00000064345;1;1
MT;4015;AT;A;00
MT;4051;C;CA;mt-Nd2;ENSMUSG00000064345;1;1
MT;4051;C;CA;00
MT;4051;C;CAA;mt-Nd2;ENSMUSG00000064345;1;1
MT;4051;C;CAA;00
MT;4051;CA;C;mt-Nd2;ENSMUSG00000064345;1;1
MT;4051;CA;C;00
MT;4073;GA;G;mt-Nd2;ENSMUSG00000064345;1;1
MT;4073;GA;G;00
MT;4845;C;CA;mt-Nd2;ENSMUSG00000064345;1;1
MT;4845;C;CA;00
MT;4866;C;CA;mt-Nd2;ENSMUSG00000064345;1;1
MT;4866;C;CA;00
MT;5804;A;AT;mt-Co1;ENSMUSG00000064351;1;1
MT;5804;A;AT;00
MT;5808;G;GGGGGTTT;mt-Co1;ENSMUSG00000064351;1;1
MT;5808;G;GGGGGTTT;00
MT;5816;T;TAAAA;mt-Co1;ENSMUSG00000064351;1;1
MT;5816;T;TAAAA;00
MT;5822;T;TGC;mt-Co1;ENSMUSG00000064351;1;1
MT;5822;T;TGC;00
MT;5824;CCA;C;mt-Co1;ENSMUSG00000064351;1;1
MT;5824;CCA;C;00
MT;5833;TCA;T;mt-Co1;ENSMUSG00000064351;1;1
MT;5833;TCA;T;00
MT;5843;AC;A;mt-Co1;ENSMUSG00000064351;1;1
MT;5843;AC;A;00
MT;6613;AT;A;mt-Co1;ENSMUSG00000064351;1;1
MT;6613;AT;A;00
MT;7624;T;TAA;mt-Co2;ENSMUSG00000064354;1;1
MT;7624;T;TAA;00
MT;7635;C;CACAAATTTCAGAG;mt-Co2;ENSMUSG00000064354;1;1
MT;7635;C;CACAAATTTCAGAG;00
MT;7643;C;CA;mt-Co2;ENSMUSG00000064354;1;1
MT;7643;C;CA;00
MT;8404;CT;C;mt-Atp6;ENSMUSG00000064357;1;1
MT;8404;CT;C;00
MT;8939;T;TG;mt-Co3;ENSMUSG00000064358;1;1
MT;8939;T;TG;00
MT;8946;GGC;G;mt-Co3;ENSMUSG00000064358;1;1
MT;8946;GGC;G;00
MT;8954;ACCTCC;A;mt-Co3;ENSMUSG00000064358;1;1
MT;8954;ACCTCC;A;00
MT;8960;AACAG;A;mt-Co3;ENSMUSG00000064358;1;1
MT;8960;AACAG;A;00
MT;8969;TTCACCACTTAACCCTCTAG;T;mt-Co3;ENSMUSG00000064358;1;1
MT;8969;TTCACCACTTAACCCTCTAG;T;00
MT;9013;T;TACTTCTAGCATCAGGTGTTTCGTTTACCTTCTATAAGGCTATGATGAGCTCATGTAATTGAAACACCTGATGCTAGAAGTACTGAAGTATTAAGTAGTGGG;mt-Co3;ENSMUSG00000064358;1;1
MT;9013;T;TACTTCTAGCATCAGGTGTTTCGTTTACCTTCTATAAGGCTATGATGAGCTCATGTAATTGAAACACCTGATGCTAGAAGTACTGAAGTATTAAGTAGTGGG;00
MT;9021;GCATC;G;mt-Co3;ENSMUSG00000064358;1;1
MT;9021;GCATC;G;00
MT;9117;CT;C;mt-Co3;ENSMUSG00000064358;1;1
MT;9117;CT;C;00
MT;9135;CA;C;mt-Co3;ENSMUSG00000064358;1;1
MT;9135;CA;C;00
MT;9161;AT;A;mt-Co3;ENSMUSG00000064358;1;1
MT;9161;AT;A;00
MT;9521;AT;A;mt-Nd3;ENSMUSG00000064360;1;1
MT;9521;AT;A;00
MT;9529;T;TC;mt-Nd3;ENSMUSG00000064360;1;1
MT;9529;T;TC;00
MT;9534;CAAATAAATCTGTA;C;mt-Nd3;ENSMUSG00000064360;1;1
MT;9534;CAAATAAATCTGTA;C;00
MT;9552;G;GA;mt-Nd3;ENSMUSG00000064360;1;1
MT;9552;G;GA;00
MT;9552;GA;G;mt-Nd3;ENSMUSG00000064360;1;1
MT;9552;GA;G;00
MT;9650;AT;A;mt-Nd3;ENSMUSG00000064360;1;1
MT;9650;AT;A;00
MT;9987;A;AATGTGGATATTAGGTGAGAGCGAAATATAAGTGTCCCTAGAAG;mt-Nd4l;ENSMUSG00000065947;1;1
MT;9987;A;AATGTGGATATTAGGTGAGAGCGAAATATAAGTGTCCCTAGAAG;00
MT;10351;C;CTTTTTTTAGGTGGTTTTGG;mt-Nd4;ENSMUSG00000064363;1;1
MT;10351;C;CTTTTTTTAGGTGGTTTTGG;00
MT;10365;AT;A;mt-Nd4;ENSMUSG00000064363;1;1
MT;10365;AT;A;00
MT;10417;T;TA;mt-Nd4;ENSMUSG00000064363;1;1
MT;10417;T;TA;00
MT;10440;C;CA;mt-Nd4;ENSMUSG00000064363;1;1
MT;10440;C;CA;00
MT;10857;C;CCG;mt-Nd4;ENSMUSG00000064363;1;1
MT;10857;C;CCG;00
MT;10861;C;CT;mt-Nd4;ENSMUSG00000064363;1;1
MT;10861;C;CT;00
MT;10865;T;TA;mt-Nd4;ENSMUSG00000064363;1;1
MT;10865;T;TA;00
MT;10872;C;CCG;mt-Nd4;ENSMUSG00000064363;1;1
MT;10872;C;CCG;00
MT;11273;A;AC;mt-Nd4;ENSMUSG00000064363;1;1
MT;11273;A;AC;00
MT;11273;A;ACC;mt-Nd4;ENSMUSG00000064363;1;1
MT;11273;A;ACC;00
MT;11359;T;TAATGG;mt-Nd4;ENSMUSG00000064363;1;1
MT;11359;T;TAATGG;00
MT;11361;A;AAAGTTTGATCAAG;mt-Nd4;ENSMUSG00000064363;1;1
MT;11361;A;AAAGTTTGATCAAG;00
MT;11451;T;TCA;mt-Nd4;ENSMUSG00000064363;1;1
MT;11451;T;TCA;00
MT;12532;A;AC;mt-Nd5;ENSMUSG00000064367;1;1
MT;12532;A;AC;00
MT;12580;T;TAAACATAAACTCATGAGAACTTCAA;mt-Nd5;ENSMUSG00000064367;1;1
MT;12580;T;TAAACATAAACTCATGAGAACTTCAA;00
MT;12635;C;CA;mt-Nd5;ENSMUSG00000064367;1;1
MT;12635;C;CA;00
MT;12635;C;CAA;mt-Nd5;ENSMUSG00000064367;1;1
MT;12635;C;CAA;00
MT;13052;T;TC;mt-Nd5;ENSMUSG00000064367;1;1
MT;13052;T;TC;00
MT;13052;T;TCC;mt-Nd5;ENSMUSG00000064367;1;1
MT;13052;T;TCC;00
MT;13052;T;TCCCC;mt-Nd5;ENSMUSG00000064367;1;1
MT;13052;T;TCCCC;00
MT;13322;GT;G;mt-Nd5;ENSMUSG00000064367;1;1
MT;13322;GT;G;00
MT;13448;T;TCA;mt-Nd5;ENSMUSG00000064367;1;1
MT;13448;T;TCA;00
MT;13578;TA;T;mt-Nd6;ENSMUSG00000064368;1;1
MT;13578;TA;T;00
MT;13612;T;TTG;mt-Nd6;ENSMUSG00000064368;1;1
MT;13612;T;TTG;00
MT;13613;ACC;A;mt-Nd6;ENSMUSG00000064368;1;1
MT;13613;ACC;A;00
MT;13620;T;TGG;mt-Nd6;ENSMUSG00000064368;1;1
MT;13620;T;TGG;00
MT;13621;TCA;T;mt-Nd6;ENSMUSG00000064368;1;1
MT;13621;TCA;T;00
MT;13784;A;AC;mt-Nd6;ENSMUSG00000064368;1;1
MT;13784;A;AC;00
MT;13795;TA;T;mt-Nd6;ENSMUSG00000064368;1;1
MT;13795;TA;T;00
MT;13819;A;AGATCCCCAAGTCTTTGGATATACGACTGCTATAGCTACTGAGGAATATCCAGAGACTTGGGGATCTAACT;mt-Nd6;ENSMUSG00000064368;1;1
MT;13819;A;AGATCCCCAAGTCTTTGGATATACGACTGCTATAGCTACTGAGGAATATCCAGAGACTTGGGGATCTAACT;00
MT;13884;T;TC;mt-Nd6;ENSMUSG00000064368;1;1
MT;13884;T;TC;00
MT;13884;T;TCC;mt-Nd6;ENSMUSG00000064368;1;1
MT;13884;T;TCC;00
MT;13900;T;TA;mt-Nd6;ENSMUSG00000064368;1;1
MT;13900;T;TA;00
MT;13900;T;TAA;mt-Nd6;ENSMUSG00000064368;1;1
MT;13900;T;TAA;00
MT;13918;T;TA;mt-Nd6;ENSMUSG00000064368;1;1
MT;13918;T;TA;00
MT;13918;T;TAA;mt-Nd6;ENSMUSG00000064368;1;1
MT;13918;T;TAA;00
MT;13960;A;AGTCTCTGG;mt-Nd6;ENSMUSG00000064368;1;1
MT;13960;A;AGTCTCTGG;00
MT;13961;A;ATATTCCTCAGTAGCTATAGCAGTCGTAT;mt-Nd6;ENSMUSG00000064368;1;1
MT;13961;A;ATATTCCTCAGTAGCTATAGCAGTCGTAT;00
MT;13981;TA;T;mt-Nd6;ENSMUSG00000064368;1;1
MT;13981;TA;T;00
MT;14005;CT;C;mt-Nd6;ENSMUSG00000064368;1;1
MT;14005;CT;C;00
MT;14482;GAA;G;mt-Cytb;ENSMUSG00000064370;1;1
MT;14482;GAA;G;00
MT;14541;CT;C;mt-Cytb;ENSMUSG00000064370;1;1
MT;14541;CT;C;00
MT;14877;T;TGAGAA;mt-Cytb;ENSMUSG00000064370;1;1
MT;14877;T;TGAGAA;00
MT;14879;TTTCC;T;mt-Cytb;ENSMUSG00000064370;1;1
MT;14879;TTTCC;T;00
MT;14896;GA;G;mt-Cytb;ENSMUSG00000064370;1;1
MT;14896;GA;G;00
MT;14897;A;ATGAGAATTAAGAATATGATTAGGATACCTAGGATATCTTTGATTGTATAGTAGGG;mt-Cytb;ENSMUSG00000064370;1;1
MT;14897;A;ATGAGAATTAAGAATATGATTAGGATACCTAGGATATCTTTGATTGTATAGTAGGG;00
