Chr;Pos;Ref;Alt;SNP;Allele_specific_forward_reverse_read_counts;variant_allele_frequency;Approximate_read_depth;Number_of_events_in_this_haplotype;median_base_quality;median_fragment_length;median_mapping_quality;median_distance_from_end_of_read;Number_of_alt_reads_original_alignment_doesnt_match_the_current_contig;negative_log10_population_allele_frequencies_of_alt_alleles;Log_10_likelihood_ratio_score_of_variant_existing_versus_not_existing;Allele;Annotation;Annotation_Impact;Gene_Name;Gene_ID;Feature_Type;Feature_ID;Transcript_BioType;Rank;HGVS.c;HGVS.p;cDNA.pos/cDNA.length;CDS.pos/CDS.length;AA.pos/AA.length;Distance;ERRORS/WARNINGS/INFO;Score;lof
MT;149;TA;T;TA>T;648,665|4,3;0.9946969696969697|0.005303030303030303;1354;2;41,41;412,362;60,60;28;0;2.4;RPA=3,2;T;non_coding_transcript_exon_variant;MODIFIER;mt-Rnr1;ENSMUSG00000064337;transcript;ENSMUST00000082388.1;Mt_rRNA;1/1;n.83delA;;;;;;INFO_REALIGN_3_PRIME;0;no
MT;165;A;ATTTAAGGAGAGGGTATCAAGCACATTAAAATAGCTTAATGTGCTTGATACCCTCTCCTTAAATTTTAAGTAAATG;A>ATTTAAGGAGAGGGTATCAAGCACATTAAAATAGCTTAATGTGCTTGATACCCTCTCCTTAAATTTTAAGTAAATG;690,681|9,0;0.9934782608695653|0.006521739130434782;1380;2;41,0;397,407;60,60;50;0;2.4;10.25;ATTTAAGGAGAGGGTATCAAGCACATTAAAATAGCTTAATGTGCTTGATACCCTCTCCTTAAATTTTAAGTAAATG;non_coding_transcript_exon_variant;MODIFIER;mt-Rnr1;ENSMUSG00000064337;transcript;ENSMUST00000082388.1;Mt_rRNA;1/1;n.134_135insTGTGCTTGATACCCTCTCCTTAAATTTTAAGTAAATGTTTAAGGAGAGGGTATCAAGCACATTAAAATAGCTTAA;;;;;;INFO_REALIGN_3_PRIME;0;no
MT;212;GCCTAGCC;G;GCCTAGCC>G;716,737|2,1;0.9979395604395604|0.0020604395604395605;1456;13;41,41;358,402;60,60;8;0;2.4;1.67;G;non_coding_transcript_exon_variant;MODIFIER;mt-Rnr1;ENSMUSG00000064337;transcript;ENSMUST00000082388.1;Mt_rRNA;1/1;n.144_150delCCTAGCC;;;;;;;0;no
MT;221;C;T;C>T;680,708|2,1;0.9978432782171099|0.002156721782890007;1391;13;41,41;357,402;60,60;10;0;2.4;1.72;T;non_coding_transcript_exon_variant;MODIFIER;mt-Rnr1;ENSMUSG00000064337;transcript;ENSMUST00000082388.1;Mt_rRNA;1/1;n.152C>T;;;;;;;0;no
MT;226;C;T;C>T;684,694|2,1;0.997827661115134|0.002172338884866039;1381;13;41,41;356,402;60,60;15;0;2.4;1.74;T;non_coding_transcript_exon_variant;MODIFIER;mt-Rnr1;ENSMUSG00000064337;transcript;ENSMUST00000082388.1;Mt_rRNA;1/1;n.157C>T;;;;;;;0;no
MT;228;A;T;A>T;673,706|2,1;0.9978292329956585|0.002170767004341534;1382;13;41,41;356,402;60,60;17;0;2.4;1.74;T;non_coding_transcript_exon_variant;MODIFIER;mt-Rnr1;ENSMUSG00000064337;transcript;ENSMUST00000082388.1;Mt_rRNA;1/1;n.159A>T;;;;;;;0;no
MT;229;CGGGA;C;CGGGA>C;675,712|2,1;0.9978417266187051|0.002158273381294964;1390;13;41,41;357,402;60,60;18;0;2.4;1.73;C;non_coding_transcript_exon_variant;MODIFIER;mt-Rnr1;ENSMUSG00000064337;transcript;ENSMUST00000082388.1;Mt_rRNA;1/1;n.161_164delGGGA;;;;;;;0;no
MT;235;TCAGCAGTGA;T;TCAGCAGTGA>T;679,771|2,1;0.9979353062629044|0.0020646937370956643;1453;13;41,41;356,402;60,60;20;0;2.4;1.66;T;non_coding_transcript_exon_variant;MODIFIER;mt-Rnr1;ENSMUSG00000064337;transcript;ENSMUST00000082388.1;Mt_rRNA;1/1;n.167_175delCAGCAGTGA;;;;;;;0;no
MT;250;A;T;A>T;623,724|2,1;0.9977777777777778|0.0022222222222222222;1350;13;41,41;353,402;60,60;26;0;2.4;1.74;T;non_coding_transcript_exon_variant;MODIFIER;mt-Rnr1;ENSMUSG00000064337;transcript;ENSMUST00000082388.1;Mt_rRNA;1/1;n.181A>T;;;;;;;0;no
MT;255;GCAA;G;GCAA>G;642,760|2,1;0.997864768683274|0.002135231316725979;1405;13;41,41;351,402;60,60;31;0;2.4;2.03;G;non_coding_transcript_exon_variant;MODIFIER;mt-Rnr1;ENSMUSG00000064337;transcript;ENSMUST00000082388.1;Mt_rRNA;1/1;n.187_189delCAA;;;;;;;0;no
MT;262;ACGAAAGTT;A;ACGAAAGTT>A;647,759|2,1;0.9978708303761533|0.0021291696238466998;1409;13;41,41;354,402;60,60;35;0;2.4;1.7;A;non_coding_transcript_exon_variant;MODIFIER;mt-Rnr1;ENSMUSG00000064337;transcript;ENSMUST00000082388.1;Mt_rRNA;1/1;n.194_201delCGAAAGTT;;;;;;;0;no
MT;272;GAC;G;GAC>G;637,727|2,1;0.9978054133138259|0.0021945866861741038;1367;13;41,41;354,402;60,60;37;0;2.4;1.74;G;non_coding_transcript_exon_variant;MODIFIER;mt-Rnr1;ENSMUSG00000064337;transcript;ENSMUST00000082388.1;Mt_rRNA;1/1;n.204_205delAC;;;;;;;0;no
MT;275;TAAG;T;TAAG>T;647,764|2,1;0.9978783592644979|0.0021216407355021216;1414;13;41,41;355,402;60,60;38;0;2.4;1.71;T;non_coding_transcript_exon_variant;MODIFIER;mt-Rnr1;ENSMUSG00000064337;transcript;ENSMUST00000082388.1;Mt_rRNA;1/1;n.207_209delAAG;;;;;;;0;no
MT;281;ATACCTCTT;A;ATACCTCTT>A;710,789|2,1;0.9980026631158455|0.0019973368841544607;1502;13;41,41;356,402;60,60;41;0;2.4;1.63;A;non_coding_transcript_exon_variant;MODIFIER;mt-Rnr1;ENSMUSG00000064337;transcript;ENSMUST00000082388.1;Mt_rRNA;1/1;n.213_220delTACCTCTT;;;;;;;0;no
MT;293;GTTGGTAA;G;GTTGGTAA>G;725,781|2,1;0.9980119284294234|0.0019880715705765406;1509;13;41,41;357,402;60,60;45;0;2.4;1.63;G;non_coding_transcript_exon_variant;MODIFIER;mt-Rnr1;ENSMUSG00000064337;transcript;ENSMUST00000082388.1;Mt_rRNA;1/1;n.225_231delTTGGTAA;;;;;;;0;no
MT;1357;A;ATCTTCT;A>ATCTTCT;728,695|5,15;0.9861399861399861|0.01386001386001386;1465;15;41,41;349,268;60,60;23;0;2.4;42.23;ATCTTCT;non_coding_transcript_exon_variant;MODIFIER;mt-Rnr2;ENSMUSG00000064339;transcript;ENSMUST00000082390.1;Mt_rRNA;1/1;n.264_265insTCTTCT;;;;;;;0;no
MT;1359;A;ACT;A>ACT;728,713|6,12;0.9876627827278959|0.01233721727210418;1468;15;41,41;349,263;60,60;16;0;2.4;36.65;ACT;non_coding_transcript_exon_variant;MODIFIER;mt-Rnr2;ENSMUSG00000064339;transcript;ENSMUST00000082390.1;Mt_rRNA;1/1;n.266_267insCT;;;;;;;0;no
MT;1364;T;TGCCAC;T>TGCCAC;764,711|11,12;0.9846461949265688|0.015353805073431242;1498;15;41,41;349,259;60,60;17;0;2.4;49.65;TGCCAC;non_coding_transcript_exon_variant;MODIFIER;mt-Rnr2;ENSMUSG00000064339;transcript;ENSMUST00000082390.1;Mt_rRNA;1/1;n.271_272insGCCAC;;;;;;;0;no
MT;1366;T;TA;T>TA;756,712|12,11;0.9845741113346748|0.015425888665325285;1491;15;41,41;349,256;60,60;10;0;2.4;48.69;TA;non_coding_transcript_exon_variant;MODIFIER;mt-Rnr2;ENSMUSG00000064339;transcript;ENSMUST00000082390.1;Mt_rRNA;1/1;n.273_274insA;;;;;;;0;no
MT;1368;AAT;A;AAT>A;759,733|12,10;0.9854689564068693|0.01453104359313078;1514;15;41,41;348,254;60,60;14;0;2.4;45.86;A;non_coding_transcript_exon_variant;MODIFIER;mt-Rnr2;ENSMUSG00000064339;transcript;ENSMUST00000082390.1;Mt_rRNA;1/1;n.276_277delAT;;;;;;;0;no
MT;1372;A;G;A>G;756,707|12,6;0.987846049966239|0.012153950033760972;1481;15;41,41;348,249;60,60;14;0;2.4;35.48;G;non_coding_transcript_exon_variant;MODIFIER;mt-Rnr2;ENSMUSG00000064339;transcript;ENSMUST00000082390.1;Mt_rRNA;1/1;n.279A>G;;;;;;;0;no
MT;1374;C;G;C>G;758,710|13,6;0.9872225958305313|0.012777404169468728;1487;15;41,41;349,251;60,60;15;0;2.4;38.06;G;non_coding_transcript_exon_variant;MODIFIER;mt-Rnr2;ENSMUSG00000064339;transcript;ENSMUST00000082390.1;Mt_rRNA;1/1;n.281C>G;;;;;;;0;no
MT;1376;C;T;C>T;760,704|13,6;0.9871881321645314|0.012811867835468645;1483;15;41,41;349,251;60,60;15;0;2.4;38.08;T;non_coding_transcript_exon_variant;MODIFIER;mt-Rnr2;ENSMUSG00000064339;transcript;ENSMUST00000082390.1;Mt_rRNA;1/1;n.283C>T;;;;;;;0;no
MT;1377;G;GAT;G>GAT;778,709|13,6;0.9873837981407703|0.012616201859229747;1506;15;41,41;349,251;60,60;16;0;2.4;37.95;GAT;non_coding_transcript_exon_variant;MODIFIER;mt-Rnr2;ENSMUSG00000064339;transcript;ENSMUST00000082390.1;Mt_rRNA;1/1;n.284_285insAT;;;;;;;0;no
MT;1379;CT;C;CT>C;853,716|13,6;0.9880352644836272|0.011964735516372796;1588;15;41,41;348,251;60,60;20;0;2.4;37.5;C;non_coding_transcript_exon_variant;MODIFIER;mt-Rnr2;ENSMUSG00000064339;transcript;ENSMUST00000082390.1;Mt_rRNA;1/1;n.287delT;;;;;;;0;no
MT;1382;TGTGGC;T;TGTGGC>T;889,733|13,4;0.9896278218425869|0.010372178157413058;1639;15;41,41;348,256;60,60;20;0;2.4;32.15;T;non_coding_transcript_exon_variant;MODIFIER;mt-Rnr2;ENSMUSG00000064339;transcript;ENSMUST00000082390.1;Mt_rRNA;1/1;n.290_294delGTGGC;;;;;;;0;no
MT;1392;TAG;T;TAG>T;902,645|13,3;0.9897632757517595|0.010236724248240563;1563;15;41,41;345,254;60,60;25;0;2.4;29.86;T;non_coding_transcript_exon_variant;MODIFIER;mt-Rnr2;ENSMUSG00000064339;transcript;ENSMUST00000082390.1;Mt_rRNA;1/1;n.300_301delAG;;;;;;;0;no
MT;1396;GAGAAGA;G;GAGAAGA>G;882,648|13,3;0.9896507115135834|0.01034928848641656;1573;15;41,41;345,254;60,60;27;0;2.4;29.84;G;non_coding_transcript_exon_variant;MODIFIER;mt-Rnr2;ENSMUSG00000064339;transcript;ENSMUST00000082390.1;Mt_rRNA;1/1;n.304_309delAGAAGA;;;;;;;0;no
MT;1414;A;C;A>C;888,607|4,2;0.9960026648900733|0.003997335109926716;1521;15;41,41;342,245;60,60;41;0;2.4;3.27;C;non_coding_transcript_exon_variant;MODIFIER;mt-Rnr2;ENSMUSG00000064339;transcript;ENSMUST00000082390.1;Mt_rRNA;1/1;n.321A>C;;;;;;;0;no
MT;1487;T;TA;T>TA;720,579|25,22;0.9650817236255572|0.034918276374442794;1493;15;41,37;348,309;60,60;25;0;2.4;RPA=7,8;TA;non_coding_transcript_exon_variant;MODIFIER;mt-Rnr2;ENSMUSG00000064339;transcript;ENSMUST00000082390.1;Mt_rRNA;1/1;n.401dupA;;;;;;INFO_REALIGN_3_PRIME;0;no
MT;1487;T;TAA;T>TAA;720,579|3,2;0.9961656441717791|0.003834355828220859;1493;15;41,37;348,273;60,60;51;0;2.4;RPA=7,9;TAA;non_coding_transcript_exon_variant;MODIFIER;mt-Rnr2;ENSMUSG00000064339;transcript;ENSMUST00000082390.1;Mt_rRNA;1/1;n.400_401dupAA;;;;;;INFO_REALIGN_3_PRIME;0;no
MT;1487;T;TAAA;T>TAAA;720,579|2,1;0.9976958525345622|0.002304147465437788;1493;15;41,12;348,374;60,60;16;0;2.4;RPA=7,10;TAAA;non_coding_transcript_exon_variant;MODIFIER;mt-Rnr2;ENSMUSG00000064339;transcript;ENSMUST00000082390.1;Mt_rRNA;1/1;n.399_401dupAAA;;;;;;INFO_REALIGN_3_PRIME;0;no
MT;1487;T;TAAAA;T>TAAAA;720,579|1,2;0.9976958525345622|0.002304147465437788;1493;15;41,20;348,216;60,60;21;0;2.4;RPA=7,11;TAAAA;non_coding_transcript_exon_variant;MODIFIER;mt-Rnr2;ENSMUSG00000064339;transcript;ENSMUST00000082390.1;Mt_rRNA;1/1;n.398_401dupAAAA;;;;;;INFO_REALIGN_3_PRIME;0;no
MT;1555;G;GA;G>GA;598,905|17,23;0.9740764744005185|0.02592352559948153;1571;8;41,41;348,336;60,60;49;0;2.4;RPA=6,7;GA;non_coding_transcript_exon_variant;MODIFIER;mt-Rnr2;ENSMUSG00000064339;transcript;ENSMUST00000082390.1;Mt_rRNA;1/1;n.468dupA;;;;;;INFO_REALIGN_3_PRIME;0;no
MT;1594;TTAAC;T;TTAAC>T;709,872|2,1;0.9981060606060606|0.001893939393939394;1603;8;41,41;346,182;60,60;50;0;2.4;1.52;T;non_coding_transcript_exon_variant;MODIFIER;mt-Rnr2;ENSMUSG00000064339;transcript;ENSMUST00000082390.1;Mt_rRNA;1/1;n.502_505delTAAC;;;;;;;0;no
MT;1599;C;CTTT;C>CTTT;698,864|2,1;0.9980830670926517|0.0019169329073482429;1565;8;41,41;346,182;60,60;49;0;2.4;1.54;CTTT;non_coding_transcript_exon_variant;MODIFIER;mt-Rnr2;ENSMUSG00000064339;transcript;ENSMUST00000082390.1;Mt_rRNA;1/1;n.506_507insTTT;;;;;;;0;no
MT;1603;G;GGTGGCTGCTTT;G>GGTGGCTGCTTT;713,863|7,1;0.9949494949494949|0.005050505050505051;1584;8;41,35;346,254;60,60;2;0;2.4;11.81;GGTGGCTGCTTT;non_coding_transcript_exon_variant;MODIFIER;mt-Rnr2;ENSMUSG00000064339;transcript;ENSMUST00000082390.1;Mt_rRNA;1/1;n.510_511insGTGGCTGCTTT;;;;;;;0;no
MT;1609;C;CTACAATGGT;C>CTACAATGGT;722,853|6,0;0.9962049335863378|0.003795066413662239;1581;8;41,41;346,321;60,60;17;0;2.4;7.23;CTACAATGGT;non_coding_transcript_exon_variant;MODIFIER;mt-Rnr2;ENSMUSG00000064339;transcript;ENSMUST00000082390.1;Mt_rRNA;1/1;n.518_519insCAATGGTTA;;;;;;INFO_REALIGN_3_PRIME;0;no
MT;1611;AAAAGCAGCCAC;A;AAAAGCAGCCAC>A;754,917|2,1;0.9982078853046595|0.0017921146953405018;1674;8;41,41;347,182;60,60;22;0;2.4;1.31;A;non_coding_transcript_exon_variant;MODIFIER;mt-Rnr2;ENSMUSG00000064339;transcript;ENSMUST00000082390.1;Mt_rRNA;1/1;n.519_529delAAAGCAGCCAC;;;;;;;0;no
MT;1617;A;T;A>T;711,851|7,0;0.9955385595920969|0.004461440407903123;1580;8;41,41;347,288;60,60;33;0;2.4;9.18;T;non_coding_transcript_exon_variant;MODIFIER;mt-Rnr2;ENSMUSG00000064339;transcript;ENSMUST00000082390.1;Mt_rRNA;1/1;n.524A>T;;;;;;;0;no
MT;1626;TAAA;T;TAAA>T;707,858|2,1;0.9980867346938775|0.001913265306122449;1568;8;41,41;351,182;60,60;26;0;2.4;1.38;T;non_coding_transcript_exon_variant;MODIFIER;mt-Rnr2;ENSMUSG00000064339;transcript;ENSMUST00000082390.1;Mt_rRNA;1/1;n.534_536delAAA;;;;;;;0;no
MT;1912;C;A;C>A;707,620|33,27;0.9567411679884643|0.043258832011535686;1412;1;41,41;356,345;60,60;36;0;2.4;137.31;A;non_coding_transcript_exon_variant;MODIFIER;mt-Rnr2;ENSMUSG00000064339;transcript;ENSMUST00000082390.1;Mt_rRNA;1/1;n.819C>A;;;;;;;0;no
MT;2320;C;A;C>A;1162,637|2,3;0.9972283813747228|0.002771618625277162;1820;1;41,32;357,195;60,60;32;0;2.4;0.52;A;non_coding_transcript_exon_variant;MODIFIER;mt-Rnr2;ENSMUSG00000064339;transcript;ENSMUST00000082390.1;Mt_rRNA;1/1;n.1227C>A;;;;;;;0;no
MT;3279;C;T;C>T;877,735|0,5;0.9969078540507111|0.0030921459492888066;1632;22;41,41;358,304;60,60;56;0;2.4;4.37;T;missense_variant;MODERATE;mt-Nd1;ENSMUSG00000064341;transcript;ENSMUST00000082392.1;protein_coding;1/1;c.529C>T;p.Pro177Ser;529/957;529/957;177/318;;;0;no
MT;3282;G;GGT;G>GGT;888,750|3,4;0.9957446808510638|0.00425531914893617;1645;22;41,41;359,304;60,60;53;0;2.4;9.39;GGT;frameshift_variant;HIGH;mt-Nd1;ENSMUSG00000064341;transcript;ENSMUST00000082392.1;protein_coding;1/1;c.532_533insGT;p.Ala178fs;533/957;533/957;178/318;;;0;lof
MT;3283;CCT;C;CCT>C;905,753|3,4;0.9957957957957958|0.004204204204204204;1665;22;41,41;359,304;60,60;25;0;2.4;9.35;C;frameshift_variant;HIGH;mt-Nd1;ENSMUSG00000064341;transcript;ENSMUST00000082392.1;protein_coding;1/1;c.534_535delCT;p.Trp179fs;534/957;534/957;178/318;;;0;lof
MT;3287;A;AAGGGGG;A>AAGGGGG;901,753|3,4;0.9957856712823601|0.004214328717639976;1661;22;41,37;360,304;60,60;23;0;2.4;9.71;AAGGGGG;stop_gained&conservative_inframe_insertion;HIGH;mt-Nd1;ENSMUSG00000064341;transcript;ENSMUST00000082392.1;protein_coding;1/1;c.537_538insAGGGGG;p.Trp179_Pro180insTerGly;538/957;538/957;180/318;;;0;no
MT;3290;C;CGGTTTGTTTCTGCT;C>CGGTTTGTTTCTGCT;914,753|12,4;0.9904931669637552|0.009506833036244802;1683;22;41,41;360,284;60,60;13;0;2.4;30.26;CGGTTTGTTTCTGCT;frameshift_variant;HIGH;mt-Nd1;ENSMUSG00000064341;transcript;ENSMUST00000082392.1;protein_coding;1/1;c.540_541insGGTTTGTTTCTGCT;p.Met181fs;541/957;541/957;181/318;;;0;lof
MT;3291;A;AGGG;A>AGGG;918,757|12,4;0.9905381431105854|0.009461856889414548;1691;22;41,41;359,284;60,60;15;0;2.4;30.24;AGGG;stop_gained&disruptive_inframe_insertion;HIGH;mt-Nd1;ENSMUSG00000064341;transcript;ENSMUST00000082392.1;protein_coding;1/1;c.541_542insGGG;p.Met181delinsTerVal;542/957;542/957;181/318;;;0;no
MT;3292;T;TTG;T>TTG;911,755|12,4;0.990487514863258|0.009512485136741973;1682;22;41,41;359,284;60,60;19;0;2.4;30.27;TTG;frameshift_variant;HIGH;mt-Nd1;ENSMUSG00000064341;transcript;ENSMUST00000082392.1;protein_coding;1/1;c.542_543insTG;p.Met181fs;543/957;543/957;181/318;;;0;lof
MT;3294;GCC;G;GCC>G;909,755|12,3;0.9910661107802263|0.008933889219773675;1679;22;41,41;359,277;60,60;20;0;2.4;27.82;G;frameshift_variant;HIGH;mt-Nd1;ENSMUSG00000064341;transcript;ENSMUST00000082392.1;protein_coding;1/1;c.545_546delCC;p.Ala182fs;545/957;545/957;182/318;;;0;lof
MT;3300;AT;A;AT>A;909,752|12,3;0.9910501193317423|0.008949880668257757;1676;22;41,41;360,277;60,60;22;0;2.4;27.84;A;frameshift_variant;HIGH;mt-Nd1;ENSMUSG00000064341;transcript;ENSMUST00000082392.1;protein_coding;1/1;c.551delT;p.Met184fs;551/957;551/957;184/318;;;0;lof
MT;3304;G;C;G>C;881,716|12,3;0.9906947890818859|0.009305210918114143;1612;22;41,41;360,277;60,60;25;0;2.4;28.04;C;missense_variant;MODERATE;mt-Nd1;ENSMUSG00000064341;transcript;ENSMUST00000082392.1;protein_coding;1/1;c.554G>C;p.Trp185Ser;554/957;554/957;185/318;;;0;no
MT;3306;T;TA;T>TA;881,708|13,3;0.990031152647975|0.009968847352024923;1605;22;41,41;360,284;60,60;27;0;2.4;30.53;TA;frameshift_variant;HIGH;mt-Nd1;ENSMUSG00000064341;transcript;ENSMUST00000082392.1;protein_coding;1/1;c.556_557insA;p.Phe186fs;557/957;557/957;186/318;;;0;lof
MT;3310;T;TGG;T>TGG;898,727|14,3;0.989646772228989|0.010353227771010963;1642;22;41,41;359,277;60,60;30;0;2.4;32.9;TGG;frameshift_variant;HIGH;mt-Nd1;ENSMUSG00000064341;transcript;ENSMUST00000082392.1;protein_coding;1/1;c.560_561insGG;p.Ile187fs;561/957;561/957;187/318;;;0;lof
MT;3312;TC;T;TC>T;907,738|15,3;0.9891761876127481|0.010823812387251955;1663;22;41,41;359,284;60,60;36;0;2.4;35.35;T;frameshift_variant;HIGH;mt-Nd1;ENSMUSG00000064341;transcript;ENSMUST00000082392.1;protein_coding;1/1;c.563delC;p.Ser188fs;563/957;563/957;188/318;;;0;lof
MT;3314;AACCC;A;AACCC>A;935,744|15,1;0.9905604719764012|0.00943952802359882;1695;22;41,41;357,277;60,60;35;0;2.4;30.22;A;frameshift_variant;HIGH;mt-Nd1;ENSMUSG00000064341;transcript;ENSMUST00000082392.1;protein_coding;1/1;c.565_568delACCC;p.Thr189fs;565/957;565/957;189/318;;;0;lof
MT;3319;TAGCAGAAACAAACC;T;TAGCAGAAACAAACC>T;971,837|15,1;0.9912280701754386|0.008771929824561403;1824;22;41,41;360,277;60,60;36;0;2.4;29.8;T;frameshift_variant;HIGH;mt-Nd1;ENSMUSG00000064341;transcript;ENSMUST00000082392.1;protein_coding;1/1;c.570_583delAGCAGAAACAAACC;p.Ala191fs;570/957;570/957;190/318;;;0;lof
MT;3336;G;GC;G>GC;806,670|16,1;0.9886135298057602|0.011386470194239785;1697;22;41,41;361,351;60,60;26;0;2.4;38.73;GC;frameshift_variant;HIGH;mt-Nd1;ENSMUSG00000064341;transcript;ENSMUST00000082392.1;protein_coding;1/1;c.591dupC;p.Phe198fs;592/957;592/957;198/318;;INFO_REALIGN_3_PRIME;0;lof
MT;3336;G;GCC;G>GCC;806,670|23,14;0.9755452742894911|0.024454725710508923;1697;22;41,16;361,220;60,60;32;0;2.4;3.04;GCC;frameshift_variant;HIGH;mt-Nd1;ENSMUSG00000064341;transcript;ENSMUST00000082392.1;protein_coding;1/1;c.590_591dupCC;p.Phe198fs;592/957;592/957;198/318;;INFO_REALIGN_3_PRIME;0;lof
MT;3336;GCCCCCT;G;GCCCCCT>G;806,670|3,4;0.99527983816588|0.004720161834120027;1697;22;41,41;361,277;60,60;41;0;2.4;33.25;G;disruptive_inframe_deletion;MODERATE;mt-Nd1;ENSMUSG00000064341;transcript;ENSMUST00000082392.1;protein_coding;1/1;c.587_592delCCCCCT;p.Ala196_Phe198delinsVal;587/957;587/957;196/318;;;0;no
MT;3344;C;CAG;C>CAG;873,758|16,0;0.9902853673345476|0.009714632665452338;1647;22;41,41;361,277;60,60;41;0;2.4;30.4;CAG;frameshift_variant&stop_gained;HIGH;mt-Nd1;ENSMUSG00000064341;transcript;ENSMUST00000082392.1;protein_coding;1/1;c.594_595insAG;p.Asp199fs;595/957;595/957;199/318;;;0;lof
MT;3345;GA;CC;GA>CC;869,744|16,0;0.9901780233271946|0.009821976672805401;1660;22;41,41;361,284;60,60;3;0;2.4;0.227;CC;missense_variant;MODERATE;mt-Nd1;ENSMUSG00000064341;transcript;ENSMUST00000082392.1;protein_coding;1/1;c.595_596delGAinsCC;p.Asp199Pro;595/957;595/957;199/318;;;0;no
MT;3345;GAC;G;GAC>G;869,744|1,2;0.9981435643564357|0.0018564356435643563;1660;22;41,41;361,277;60,60;44;0;2.4;30.94;G;frameshift_variant;HIGH;mt-Nd1;ENSMUSG00000064341;transcript;ENSMUST00000082392.1;protein_coding;1/1;c.596_597delAC;p.Asp199fs;596/957;596/957;199/318;;;0;lof
MT;3350;GACA;G;GACA>G;878,783|4,0;0.9975975975975976|0.0024024024024024023;1665;22;41,41;359,260;60,60;54;0;2.4;3.2;G;conservative_inframe_deletion;MODERATE;mt-Nd1;ENSMUSG00000064341;transcript;ENSMUST00000082392.1;protein_coding;1/1;c.601_603delACA;p.Thr201del;601/957;601/957;201/318;;;0;no
MT;3351;A;G;A>G;850,756|13,0;0.9919703520691785|0.008029647930821495;1646;22;41,41;360,277;60,60;45;0;2.4;23.43;G;missense_variant;MODERATE;mt-Nd1;ENSMUSG00000064341;transcript;ENSMUST00000082392.1;protein_coding;1/1;c.601A>G;p.Thr201Ala;601/957;601/957;201/318;;;0;no
MT;3354;GAAGGAGAAT;G;GAAGGAGAAT>G;879,829|4,0;0.9976635514018691|0.002336448598130841;1734;22;41,41;360,260;60,60;55;0;2.4;3.16;G;disruptive_inframe_deletion;MODERATE;mt-Nd1;ENSMUSG00000064341;transcript;ENSMUST00000082392.1;protein_coding;1/1;c.605_613delAAGGAGAAT;p.Glu202_Ser205delinsAla;605/957;605/957;202/318;;;0;no
MT;3358;G;T;G>T;815,766|9,0;0.9943396226415094|0.005660377358490566;1614;22;41,41;360,226;60,60;52;0;2.4;12.24;T;missense_variant;MODERATE;mt-Nd1;ENSMUSG00000064341;transcript;ENSMUST00000082392.1;protein_coding;1/1;c.608G>T;p.Gly203Val;608/957;608/957;203/318;;;0;no
MT;3668;T;TA;T>TA;912,888|0,23;0.9873834339001646|0.012616566099835436;1887;3;41,41;360,285;60,60;17;0;2.4;47.29;TA;frameshift_variant;HIGH;mt-Nd1;ENSMUSG00000064341;transcript;ENSMUST00000082392.1;protein_coding;1/1;c.918_919insA;p.Leu307fs;919/957;919/957;307/318;;;0;no
MT;3669;T;TATGTATGGTGG;T>TATGTATGGTGG;951,903|0,23;0.9877464038359084|0.012253596164091636;1914;3;41,41;360,285;60,60;15;0;2.4;26.75;TATGTATGGTGG;frameshift_variant;HIGH;mt-Nd1;ENSMUSG00000064341;transcript;ENSMUST00000082392.1;protein_coding;1/1;c.919_920insATGTATGGTGG;p.Leu307fs;920/957;920/957;307/318;;;0;no
MT;3672;C;CTCCCGCTGTAAAAATTGG;C>CTCCCGCTGTAAAAATTGG;958,914|0,12;0.9936305732484076|0.006369426751592357;1908;3;41,41;359,253;60,60;9;0;2.4;13.85;CTCCCGCTGTAAAAATTGG;stop_gained&disruptive_inframe_insertion;HIGH;mt-Nd1;ENSMUSG00000064341;transcript;ENSMUST00000082392.1;protein_coding;1/1;c.922_923insTCCCGCTGTAAAAATTGG;p.Pro308delinsLeuProLeuTerLysLeuAla;923/957;923/957;308/318;;;0;no
MT;4051;C;CA;C>CA;852,720|4,5;0.9943074003795066|0.0056925996204933585;1913;1;41,41;359,356;60,60;32;0;2.4;RPA=8,9;CA;frameshift_variant;HIGH;mt-Nd2;ENSMUSG00000064345;transcript;ENSMUST00000082396.1;protein_coding;1/1;c.146dupA;p.Asn49fs;147/1038;147/1038;49/345;;INFO_REALIGN_3_PRIME;0;lof
MT;4051;C;CAA;C>CAA;852,720|49,17;0.9597069597069597|0.040293040293040296;1913;1;41,41;359,379;60,60;26;0;2.4;RPA=8,10;CAA;frameshift_variant;HIGH;mt-Nd2;ENSMUSG00000064345;transcript;ENSMUST00000082396.1;protein_coding;1/1;c.145_146dupAA;p.Asn49fs;147/1038;147/1038;49/345;;INFO_REALIGN_3_PRIME;0;lof
MT;4051;C;CAAA;C>CAAA;852,720|8,3;0.9930511686670878|0.006948831332912192;1913;1;41,41;359,467;60,60;39;0;2.4;RPA=8,11;CAAA;disruptive_inframe_insertion;MODERATE;mt-Nd2;ENSMUSG00000064345;transcript;ENSMUST00000082396.1;protein_coding;1/1;c.144_146dupAAA;p.Lys48dup;147/1038;147/1038;49/345;;INFO_REALIGN_3_PRIME;0;no
MT;4051;CA;C;CA>C;852,720|2,1;0.9980952380952381|0.0019047619047619048;1913;1;41,41;359,374;60,60;15;0;2.4;RPA=8,7;C;frameshift_variant;HIGH;mt-Nd2;ENSMUSG00000064345;transcript;ENSMUST00000082396.1;protein_coding;1/1;c.146delA;p.Asn49fs;146/1038;146/1038;49/345;;INFO_REALIGN_3_PRIME;0;lof
MT;4557;T;TGA;T>TGA;760,876|0,15;0.9909145972138098|0.009085402786190187;1728;2;41,37;354,269;60,60;13;0;2.4;22.89;TGA;frameshift_variant;HIGH;mt-Nd2;ENSMUSG00000064345;transcript;ENSMUST00000082396.1;protein_coding;1/1;c.644_645insGA;p.Phe216fs;645/1038;645/1038;215/345;;;0;lof
MT;4559;T;TATAGGGGCTGTAAGAATAATATAGATTATGAGGTTGAG;T>TATAGGGGCTGTAAGAATAATATAGATTATGAGGTTGAG;760,876|1,15;0.9903147699757869|0.009685230024213076;1706;2;41,32;354,289;60,60;2;0;2.4;24.28;TATAGGGGCTGTAAGAATAATATAGATTATGAGGTTGAG;frameshift_variant&stop_gained;HIGH;mt-Nd2;ENSMUSG00000064345;transcript;ENSMUST00000082396.1;protein_coding;1/1;c.646_647insATAGGGGCTGTAAGAATAATATAGATTATGAGGTTGAG;p.Phe216fs;647/1038;647/1038;216/345;;;0;lof
MT;4931;G;GC;G>GC;602,611|48,35;0.9359567901234568|0.06404320987654322;1416;1;37,32;356,331;60,60;34;0;2.4;RPA=6,7;GC;frameshift_variant;HIGH;mt-Nd2;ENSMUSG00000064345;transcript;ENSMUST00000082396.1;protein_coding;1/1;c.1024dupC;p.Gln342fs;1025/1038;1025/1038;342/345;;INFO_REALIGN_3_PRIME;0;no
MT;5171;G;GA;G>GA;308,262|37,23;0.9047619047619048|0.09523809523809523;1114;5;41,41;351,365;60,60;32;0;2.4;RPA=11,12;GA;intergenic_region;MODIFIER;mt-Tn-mt-Tc;ENSMUSG00000064348-ENSMUSG00000064349;intergenic_region;ENSMUSG00000064348-ENSMUSG00000064349;;;n.5171_5172insA;;;;;;;0;no
MT;5171;G;GAA;G>GAA;308,262|164,136;0.6551724137931034|0.3448275862068966;1114;5;41,41;351,329;60,60;29;0;2.4;RPA=11,13;GAA;intergenic_region;MODIFIER;mt-Tn-mt-Tc;ENSMUSG00000064348-ENSMUSG00000064349;intergenic_region;ENSMUSG00000064348-ENSMUSG00000064349;;;n.5171_5172insAA;;;;;;;0;no
MT;5171;G;GAAA;G>GAAA;308,262|23,14;0.9390444810543658|0.060955518945634266;1114;5;41,41;351,482;60,60;46;0;2.4;RPA=11,14;GAAA;intergenic_region;MODIFIER;mt-Tn-mt-Tc;ENSMUSG00000064348-ENSMUSG00000064349;intergenic_region;ENSMUSG00000064348-ENSMUSG00000064349;;;n.5171_5172insAAA;;;;;;;0;no
MT;5171;GA;G;GA>G;308,262|2,0;0.9965034965034965|0.0034965034965034965;1114;5;41,41;351,380;60,60;38;0;2.4;RPA=11,10;G;intergenic_region;MODIFIER;mt-Tn-mt-Tc;ENSMUSG00000064348-ENSMUSG00000064349;intergenic_region;ENSMUSG00000064348-ENSMUSG00000064349;;;n.5172delA;;;;;;;0;no
MT;5194;G;C;G>C;557,519|1,5;0.9944547134935305|0.005545286506469501;1105;5;41,41;357,107;60,48;25;0;2.4;8.03;C;splice_region_variant&non_coding_transcript_exon_variant;LOW;mt-Tc;ENSMUSG00000064349;transcript;ENSMUST00000082400.1;Mt_tRNA;1/1;n.64C>G;;;;;;;0;no
MT;5195;T;TAGATTGGCAGGAATTAAACCTA;T>TAGATTGGCAGGAATTAAACCTA;557,518|1,5;0.9944495837187789|0.005550416281221091;1111;5;41,41;357,107;60,48;24;0;2.4;8.58;TAGATTGGCAGGAATTAAACCTA;non_coding_transcript_exon_variant;MODIFIER;mt-Tc;ENSMUSG00000064349;transcript;ENSMUST00000082400.1;Mt_tRNA;1/1;n.62_63insTAGGTTTAATTCCTGCCAATCT;;;;;;;0;no
MT;5203;G;T;G>T;573,512|3,1;0.9963269054178145|0.0036730945821854912;1116;5;41,20;361,251;60,60;63;0;2.4;0.366;T;non_coding_transcript_exon_variant;MODIFIER;mt-Tc;ENSMUSG00000064349;transcript;ENSMUST00000082400.1;Mt_tRNA;1/1;n.55C>A;;;;;;;0;no
MT;5263;T;TA;T>TA;630,504|8,6;0.9878048780487805|0.012195121951219513;1226;5;41,39;364,339;60,60;46;0;2.4;RPA=5,6;TA;non_coding_transcript_exon_variant;MODIFIER;mt-Ty;ENSMUSG00000064350;transcript;ENSMUST00000082401.1;Mt_tRNA;1/1;n.63dupT;;;;;;;0;no
MT;5657;C;CCTG;C>CCTG;5,1|915,597;0.003952569169960474|0.9960474308300395;1566;11;34,39;384,232;60,60;37;0;2.4;0.55;CCTG;disruptive_inframe_insertion;MODERATE;mt-Co1;ENSMUSG00000064351;transcript;ENSMUST00000082402.1;protein_coding;1/1;c.332_333insGCT;p.Leu111dup;333/1545;333/1545;111/514;;INFO_REALIGN_3_PRIME;0;no
MT;5657;C;G;C>G;5,1|0,4;0.6|0.4;1566;11;34,37;384,405;60,60;20;0;2.4;2.59;G;synonymous_variant;LOW;mt-Co1;ENSMUSG00000064351;transcript;ENSMUST00000082402.1;protein_coding;1/1;c.330C>G;p.Leu110Leu;330/1545;330/1545;110/514;;;0;no
MT;5657;C;T;C>T;5,1|0,2;0.75|0.25;1566;11;34,41;384,363;60,60;30;0;2.4;6045.32;T;synonymous_variant;LOW;mt-Co1;ENSMUSG00000064351;transcript;ENSMUST00000082402.1;protein_coding;1/1;c.330C>T;p.Leu110Leu;330/1545;330/1545;110/514;;;0;no
MT;5663;C;A;C>A;890,631|0,6;0.9960707269155207|0.003929273084479371;1529;11;41,41;362,338;60,60;26;0;2.4;5.98;A;synonymous_variant;LOW;mt-Co1;ENSMUSG00000064351;transcript;ENSMUST00000082402.1;protein_coding;1/1;c.336C>A;p.Leu112Leu;336/1545;336/1545;112/514;;;0;no
MT;5666;A;ATT;A>ATT;885,631|0,7;0.9954038082731451|0.004596191726854892;1525;11;41,41;362,331;60,60;23;0;2.4;5.31;ATT;frameshift_variant;HIGH;mt-Co1;ENSMUSG00000064351;transcript;ENSMUST00000082402.1;protein_coding;1/1;c.339_340insTT;p.Ala114fs;340/1545;340/1545;114/514;;;0;lof
MT;5667;GC;G;GC>G;879,642|0,5;0.9967234600262124|0.00327653997378768;1528;11;41,41;362,308;60,60;22;0;2.4;4.24;G;frameshift_variant;HIGH;mt-Co1;ENSMUSG00000064351;transcript;ENSMUST00000082402.1;protein_coding;1/1;c.341delC;p.Ala114fs;341/1545;341/1545;114/514;;;0;lof
MT;5671;C;CTACT;C>CTACT;893,663|0,6;0.9961587708066582|0.0038412291933418692;1568;11;41,41;360,246;60,60;33;0;2.4;0.163;CTACT;frameshift_variant;HIGH;mt-Co1;ENSMUSG00000064351;transcript;ENSMUST00000082402.1;protein_coding;1/1;c.344_345insTACT;p.Ser116fs;345/1545;345/1545;115/514;;;0;lof
MT;5671;C;G;C>G;893,663|0,2;0.9987163029525032|0.0012836970474967907;1568;11;41,41;360,320;60,60;19;0;2.4;4.88;G;missense_variant;MODERATE;mt-Co1;ENSMUSG00000064351;transcript;ENSMUST00000082402.1;protein_coding;1/1;c.344C>G;p.Ser115Trp;344/1545;344/1545;115/514;;;0;no
MT;5673;T;TG;T>TG;860,657|0,5;0.9967148488830486|0.0032851511169513796;1528;11;41,39;361,308;60,60;18;0;2.4;4.5;TG;frameshift_variant;HIGH;mt-Co1;ENSMUSG00000064351;transcript;ENSMUST00000082402.1;protein_coding;1/1;c.346_347insG;p.Ser116fs;347/1545;347/1545;116/514;;;0;lof
MT;5673;T;TTGATGATG;T>TTGATGATG;860,657|0,2;0.9986833443054641|0.0013166556945358788;1528;11;41,41;361,246;60,60;27;0;2.4;0.179;TTGATGATG;frameshift_variant;HIGH;mt-Co1;ENSMUSG00000064351;transcript;ENSMUST00000082402.1;protein_coding;1/1;c.346_347insTGATGATG;p.Ser116fs;347/1545;347/1545;116/514;;;0;lof
MT;5674;C;CCTGTTCCTGCTCCTGCTTCT;C>CCTGTTCCTGCTCCTGCTTCT;849,641|0,7;0.9953239812959251|0.004676018704074816;1532;11;41,32;360,271;60,60;3;0;2.4;0.291;CCTGTTCCTGCTCCTGCTTCT;frameshift_variant;HIGH;mt-Co1;ENSMUSG00000064351;transcript;ENSMUST00000082402.1;protein_coding;1/1;c.347_348insCTGTTCCTGCTCCTGCTTCT;p.Met117fs;348/1545;348/1545;116/514;;;0;lof
MT;5674;CAA;C;CAA>C;849,641|8,1;0.9939959973315544|0.00600400266844563;1532;11;41,41;360,284;60,60;16;0;2.4;9.47;C;frameshift_variant;HIGH;mt-Co1;ENSMUSG00000064351;transcript;ENSMUST00000082402.1;protein_coding;1/1;c.348_349delAA;p.Met117fs;348/1545;348/1545;116/514;;;0;lof
MT;5680;T;G;T>G;831,639|4,7;0.9925725860904794|0.007427413909520594;1482;11;41,41;360,284;60,60;21;0;2.4;19.15;G;missense_variant;MODERATE;mt-Co1;ENSMUSG00000064351;transcript;ENSMUST00000082402.1;protein_coding;1/1;c.353T>G;p.Val118Gly;353/1545;353/1545;118/514;;;0;no
MT;5684;A;AGAAGAAATGATGGTG;A>AGAAGAAATGATGGTG;800,648|8,0;0.9945054945054945|0.005494505494505495;1468;11;41,41;359,587;60,53;44;0;2.4;0.019;AGAAGAAATGATGGTG;disruptive_inframe_insertion;MODERATE;mt-Co1;ENSMUSG00000064351;transcript;ENSMUST00000082402.1;protein_coding;1/1;c.358_359insAAGAAATGATGGTGG;p.Glu119_Ala120insGluGluMetMetVal;359/1545;359/1545;120/514;;INFO_REALIGN_3_PRIME;0;no
MT;5684;A;T;A>T;800,648|2,0;0.9986206896551724|0.001379310344827586;1468;11;41,41;359,279;60,60;31;0;2.4;12.33;T;missense_variant;MODERATE;mt-Co1;ENSMUSG00000064351;transcript;ENSMUST00000082402.1;protein_coding;1/1;c.357A>T;p.Glu119Asp;357/1545;357/1545;119/514;;;0;no
MT;5686;C;A;C>A;800,650|8,0;0.9945130315500685|0.0054869684499314125;1474;11;41,22;359,278;60,50;38;0;2.4;1.5;A;missense_variant;MODERATE;mt-Co1;ENSMUSG00000064351;transcript;ENSMUST00000082402.1;protein_coding;1/1;c.359C>A;p.Ala120Glu;359/1545;359/1545;120/514;;;0;no
MT;5686;C;CT;C>CT;800,650|2,0;0.9986225895316805|0.0013774104683195593;1474;11;41,41;359,279;60,60;33;0;2.4;12.77;CT;frameshift_variant;HIGH;mt-Co1;ENSMUSG00000064351;transcript;ENSMUST00000082402.1;protein_coding;1/1;c.359_360insT;p.Gly121fs;360/1545;360/1545;120/514;;;0;lof
MT;5686;C;T;C>T;800,650|2,0;0.9986225895316805|0.0013774104683195593;1474;11;41,41;359,587;60,53;61;0;2.4;1.38;T;missense_variant;MODERATE;mt-Co1;ENSMUSG00000064351;transcript;ENSMUST00000082402.1;protein_coding;1/1;c.359C>T;p.Ala120Val;359/1545;359/1545;120/514;;;0;no
MT;5692;C;A;C>A;765,668|13,1;0.9903248099516241|0.009675190048375951;1473;11;41,37;358,288;60,60;38;0;2.4;16.2;A;missense_variant;MODERATE;mt-Co1;ENSMUSG00000064351;transcript;ENSMUST00000082402.1;protein_coding;1/1;c.365C>A;p.Ala122Glu;365/1545;365/1545;122/514;;;0;no
MT;5692;C;T;C>T;765,668|7,0;0.9951388888888889|0.004861111111111111;1473;11;41,37;358,402;60,60;44;0;2.4;8.22;T;missense_variant;MODERATE;mt-Co1;ENSMUSG00000064351;transcript;ENSMUST00000082402.1;protein_coding;1/1;c.365C>T;p.Ala122Val;365/1545;365/1545;122/514;;;0;no
MT;5788;G;GGGGTTTCATGTTGATAAT;G>GGGGTTTCATGTTGATAAT;672,820|0,3;0.9979933110367893|0.002006688963210702;1495;25;41,41;357,270;60,26;74;0;2.4;0.778;GGGGTTTCATGTTGATAAT;disruptive_inframe_insertion;MODERATE;mt-Co1;ENSMUSG00000064351;transcript;ENSMUST00000082402.1;protein_coding;1/1;c.461_462insGGGTTTCATGTTGATAAT;p.Gly154_Val155insGlyPheMetLeuMetMet;462/1545;462/1545;154/514;;;0;no
MT;5791;T;TGGTAATAAAATTAATTGCACCTAAAATAGATGACACTCCAGCTAAATGAAGG;T>TGGTAATAAAATTAATTGCACCTAAAATAGATGACACTCCAGCTAAATGAAGG;654,821|1,3;0.9972954699121027|0.002704530087897228;1479;25;41,41;357,270;60,26;53;0;2.4;2.75;TGGTAATAAAATTAATTGCACCTAAAATAGATGACACTCCAGCTAAATGAAGG;frameshift_variant&stop_gained;HIGH;mt-Co1;ENSMUSG00000064351;transcript;ENSMUST00000082402.1;protein_coding;1/1;c.465_466insGTAATAAAATTAATTGCACCTAAAATAGATGACACTCCAGCTAAATGAAGGG;p.Ser156fs;466/1545;466/1545;156/514;;INFO_REALIGN_3_PRIME;0;lof
MT;5797;C;G;C>G;662,828|11,0;0.9926715522984677|0.0073284477015323115;1501;25;41,41;359,251;60,60;0;0;2.4;18.79;G;missense_variant;MODERATE;mt-Co1;ENSMUSG00000064351;transcript;ENSMUST00000082402.1;protein_coding;1/1;c.470C>G;p.Ser157Cys;470/1545;470/1545;157/514;;;0;no
MT;5798;T;TTG;T>TTG;661,840|11,0;0.9927248677248677|0.007275132275132275;1512;25;41,41;359,251;60,60;1;0;2.4;18.76;TTG;frameshift_variant;HIGH;mt-Co1;ENSMUSG00000064351;transcript;ENSMUST00000082402.1;protein_coding;1/1;c.471_472insTG;p.Ile158fs;472/1545;472/1545;158/514;;;0;lof
MT;5801;TT;AA;TT>AA;725,845|12,0;0.9924146649810367|0.007585335018963337;1582;25;41,41;358,250;60,60;6;0;2.4;20.89;AA;missense_variant;MODERATE;mt-Co1;ENSMUSG00000064351;transcript;ENSMUST00000082402.1;protein_coding;1/1;c.474_475delTTinsAA;p.IleLeu158MetMet;474/1545;474/1545;158/514;;;0;no
MT;5804;A;AGT;A>AGT;710,845|13,0;0.9917091836734694|0.008290816326530613;1568;25;41,41;359,251;60,60;9;0;2.4;23.31;AGT;frameshift_variant;HIGH;mt-Co1;ENSMUSG00000064351;transcript;ENSMUST00000082402.1;protein_coding;1/1;c.478_479insTG;p.Gly160fs;479/1545;479/1545;160/514;;INFO_REALIGN_3_PRIME;0;lof
MT;5807;TGC;T;TGC>T;696,865|13,0;0.9917407878017789|0.008259212198221092;1574;25;41,41;361,251;60,60;14;0;2.4;23.28;T;frameshift_variant;HIGH;mt-Co1;ENSMUSG00000064351;transcript;ENSMUST00000082402.1;protein_coding;1/1;c.481_482delGC;p.Ala161fs;481/1545;481/1545;161/514;;;0;lof
MT;5813;T;A;T>A;694,849|13,0;0.9916452442159382|0.008354755784061696;1556;25;41,41;362,251;60,60;18;0;2.4;23.29;A;missense_variant;MODERATE;mt-Co1;ENSMUSG00000064351;transcript;ENSMUST00000082402.1;protein_coding;1/1;c.486T>A;p.Ile162Met;486/1545;486/1545;162/514;;;0;no
MT;5816;T;A;T>A;689,844|13,0;0.9915912031047865|0.008408796895213453;1546;25;41,41;362,251;60,60;21;0;2.4;23.34;A;missense_variant;MODERATE;mt-Co1;ENSMUSG00000064351;transcript;ENSMUST00000082402.1;protein_coding;1/1;c.489T>A;p.Asn163Lys;489/1545;489/1545;163/514;;;0;no
MT;5819;T;A;T>A;724,856|13,0;0.9918392969240427|0.008160703075957313;1593;25;41,41;359,251;60,60;24;0;2.4;23.2;A;missense_variant;MODERATE;mt-Co1;ENSMUSG00000064351;transcript;ENSMUST00000082402.1;protein_coding;1/1;c.492T>A;p.Phe164Leu;492/1545;492/1545;164/514;;;0;no
MT;5822;T;TGC;T>TGC;752,874|13,0;0.9920683343502136|0.007931665649786455;1639;25;41,41;361,251;60,60;27;0;2.4;23.09;TGC;frameshift_variant;HIGH;mt-Co1;ENSMUSG00000064351;transcript;ENSMUST00000082402.1;protein_coding;1/1;c.495_496insGC;p.Thr166fs;496/1545;496/1545;166/514;;;0;lof
MT;5824;CCA;C;CCA>C;780,919|11,0;0.9935672514619883|0.006432748538011696;1710;25;41,41;359,255;60,60;31;0;2.4;18.2;C;frameshift_variant;HIGH;mt-Co1;ENSMUSG00000064351;transcript;ENSMUST00000082402.1;protein_coding;1/1;c.499_500delAC;p.Thr167fs;499/1545;499/1545;167/514;;INFO_REALIGN_3_PRIME;0;lof
MT;5825;C;CTAA;C>CTAA;761,902|3,0;0.9981992797118847|0.001800720288115246;1677;25;41,41;360,228;60,60;30;0;2.4;1.63;CTAA;stop_gained&conservative_inframe_insertion;HIGH;mt-Co1;ENSMUSG00000064351;transcript;ENSMUST00000082402.1;protein_coding;1/1;c.498_499insTAA;p.Thr166_Thr167insTer;499/1545;499/1545;167/514;;;0;no
MT;5827;C;A;C>A;801,914|3,0;0.9982537834691502|0.0017462165308498253;1718;25;41,41;358,228;60,60;33;0;2.4;1.29;A;missense_variant;MODERATE;mt-Co1;ENSMUSG00000064351;transcript;ENSMUST00000082402.1;protein_coding;1/1;c.500C>A;p.Thr167Asn;500/1545;500/1545;167/514;;;0;no
MT;5828;T;TAG;T>TAG;797,919|3,0;0.9982547993019197|0.0017452006980802793;1719;25;41,41;358,228;60,60;34;0;2.4;1.29;TAG;frameshift_variant&stop_gained;HIGH;mt-Co1;ENSMUSG00000064351;transcript;ENSMUST00000082402.1;protein_coding;1/1;c.502_503insGA;p.Ile168fs;503/1545;503/1545;168/514;;INFO_REALIGN_3_PRIME;0;lof
MT;5830;TT;AA;TT>AA;812,941|11,0;0.9937641723356009|0.006235827664399093;1765;25;41,41;359,255;60,60;35;0;2.4;18.06;AA;missense_variant;MODERATE;mt-Co1;ENSMUSG00000064351;transcript;ENSMUST00000082402.1;protein_coding;1/1;c.503_504delTTinsAA;p.Ile168Lys;503/1545;503/1545;168/514;;;0;no
MT;5831;T;G;T>G;800,928|3,0;0.9982668977469671|0.0017331022530329288;1743;25;41,41;361,228;60,60;39;0;2.4;1.58;G;missense_variant;MODERATE;mt-Co1;ENSMUSG00000064351;transcript;ENSMUST00000082402.1;protein_coding;1/1;c.504T>G;p.Ile168Met;504/1545;504/1545;168/514;;;0;no
MT;5832;A;ACAC;A>ACAC;831,928|3,0;0.9982973893303064|0.00170261066969353;1764;25;41,41;359,228;60,60;40;0;2.4;1.25;ACAC;disruptive_inframe_insertion;MODERATE;mt-Co1;ENSMUSG00000064351;transcript;ENSMUST00000082402.1;protein_coding;1/1;c.505_506insCAC;p.Ile169delinsThrLeu;506/1545;506/1545;169/514;;;0;no
MT;5833;TCA;T;TCA>T;853,932|11,0;0.9938752783964365|0.006124721603563474;1799;25;41,41;359,255;60,60;38;0;2.4;17.99;T;frameshift_variant;HIGH;mt-Co1;ENSMUSG00000064351;transcript;ENSMUST00000082402.1;protein_coding;1/1;c.507_508delCA;p.Ile169fs;507/1545;507/1545;169/514;;;0;lof
MT;5834;C;CCAGCT;C>CCAGCT;839,898|5,0;0.9971297359357061|0.0028702640642939152;1755;25;41,41;359,302;60,60;30;0;2.4;2.1;CCAGCT;frameshift_variant;HIGH;mt-Co1;ENSMUSG00000064351;transcript;ENSMUST00000082402.1;protein_coding;1/1;c.507_508insCAGCT;p.Asn170fs;508/1545;508/1545;170/514;;;0;lof
MT;5836;AC;A;AC>A;842,891|4,0;0.9976971790443293|0.002302820955670697;1778;25;41,41;358,265;60,60;37;0;2.4;1.75;A;frameshift_variant;HIGH;mt-Co1;ENSMUSG00000064351;transcript;ENSMUST00000082402.1;protein_coding;1/1;c.510delC;p.Asn170fs;510/1545;510/1545;170/514;;;0;lof
MT;5837;C;G;C>G;829,885|12,0;0.9930475086906141|0.006952491309385863;1770;25;41,41;358,259;60,60;39;0;2.4;18.49;G;missense_variant;MODERATE;mt-Co1;ENSMUSG00000064351;transcript;ENSMUST00000082402.1;protein_coding;1/1;c.510C>G;p.Asn170Lys;510/1545;510/1545;170/514;;;0;no
MT;5842;A;C;A>C;870,876|12,0;0.9931740614334471|0.006825938566552901;1761;25;41,41;359,269;60,60;44;0;2.4;18.25;C;missense_variant;MODERATE;mt-Co1;ENSMUSG00000064351;transcript;ENSMUST00000082402.1;protein_coding;1/1;c.515A>C;p.Lys172Thr;515/1545;515/1545;172/514;;;0;no
MT;5843;AC;A;AC>A;876,877|13,0;0.992638731596829|0.007361268403171008;1774;25;41,41;358,262;60,60;45;0;2.4;RPA=5,4;A;frameshift_variant;HIGH;mt-Co1;ENSMUSG00000064351;transcript;ENSMUST00000082402.1;protein_coding;1/1;c.521delC;p.Pro174fs;521/1545;521/1545;174/514;;INFO_REALIGN_3_PRIME;0;lof
MT;5846;C;T;C>T;864,844|14,2;0.9907192575406032|0.009280742459396751;1766;25;41,41;358,259;60,60;45;0;2.4;19.62;T;synonymous_variant;LOW;mt-Co1;ENSMUSG00000064351;transcript;ENSMUST00000082402.1;protein_coding;1/1;c.519C>T;p.Pro173Pro;519/1545;519/1545;173/514;;;0;no
MT;6115;G;GA;G>GA;676,792|21,25;0.9696169088507266|0.03038309114927345;1685;1;41,37;356,299;60,60;41;0;2.4;RPA=7,8;GA;frameshift_variant&stop_gained;HIGH;mt-Co1;ENSMUSG00000064351;transcript;ENSMUST00000082402.1;protein_coding;1/1;c.795dupA;p.Glu266fs;796/1545;796/1545;266/514;;INFO_REALIGN_3_PRIME;0;lof
MT;6889;A;AC;A>AC;430,534|5,10;0.9846782431052093|0.015321756894790603;1071;2;41,27;372,409;50,49;35;0;2.4;RPA=5,6;AC;non_coding_transcript_exon_variant;MODIFIER;mt-Ts1;ENSMUSG00000064352;transcript;ENSMUST00000082403.1;Mt_tRNA;1/1;n.49dupG;;;;;;;0;no
MT;6895;T;C;T>C;444,574|1,7;0.9922027290448343|0.007797270955165692;1070;2;41,41;372,367;50,49;2;0;2.4;4.54;C;non_coding_transcript_exon_variant;MODIFIER;mt-Ts1;ENSMUSG00000064352;transcript;ENSMUST00000082403.1;Mt_tRNA;1/1;n.44A>G;;;;;;;0;no
MT;8642;TCCA;T;TCCA>T;607,575|0,4;0.9966273187183811|0.003372681281618887;1197;11;41,41;368,405;50,47;31;0;2.4;3.97;T;conservative_inframe_deletion;MODERATE;mt-Co3;ENSMUSG00000064358;transcript;ENSMUST00000082409.1;protein_coding;1/1;c.37_39delCCA;p.Pro13del;37/784;37/784;13/260;;WARNING_TRANSCRIPT_INCOMPLETE;0;no
MT;8646;A;G;A>G;608,581|0,4;0.9966471081307627|0.003352891869237217;1193;11;41,41;368,405;50,47;30;0;2.4;3.96;G;missense_variant;MODERATE;mt-Co3;ENSMUSG00000064358;transcript;ENSMUST00000082409.1;protein_coding;1/1;c.40A>G;p.Ser14Gly;40/784;40/784;14/260;;WARNING_TRANSCRIPT_INCOMPLETE;0;no
MT;8648;TC;T;TC>T;617,589|0,4;0.996694214876033|0.003305785123966942;1210;11;41,41;367,405;50,47;28;0;2.4;RPA=2,1;T;frameshift_variant;HIGH;mt-Co3;ENSMUSG00000064358;transcript;ENSMUST00000082409.1;protein_coding;1/1;c.44delC;p.Pro15fs;44/784;44/784;15/260;;WARNING_TRANSCRIPT_INCOMPLETE&INFO_REALIGN_3_PRIME;0;lof
MT;8652;T;TG;T>TG;616,588|0,4;0.9966887417218543|0.0033112582781456954;1208;11;41,41;368,405;50,47;25;0;2.4;RPA=1,2;TG;frameshift_variant;HIGH;mt-Co3;ENSMUSG00000064358;transcript;ENSMUST00000082409.1;protein_coding;1/1;c.47dupG;p.Pro17fs;48/784;48/784;16/260;;WARNING_TRANSCRIPT_INCOMPLETE&INFO_REALIGN_3_PRIME;0;lof
MT;8655;CCA;C;CCA>C;624,594|0,4;0.9967266775777414|0.0032733224222585926;1222;11;41,41;367,405;50,47;21;0;2.4;3.92;C;frameshift_variant;HIGH;mt-Co3;ENSMUSG00000064358;transcript;ENSMUST00000082409.1;protein_coding;1/1;c.50_51delCA;p.Pro17fs;50/784;50/784;17/260;;WARNING_TRANSCRIPT_INCOMPLETE;0;lof
MT;8658;TTAAC;T;TTAAC>T;643,595|0,4;0.9967793880837359|0.00322061191626409;1242;11;41,41;369,405;50,47;20;0;2.4;3.88;T;frameshift_variant;HIGH;mt-Co3;ENSMUSG00000064358;transcript;ENSMUST00000082409.1;protein_coding;1/1;c.54_57delAACT;p.Thr19fs;54/784;54/784;18/260;;WARNING_TRANSCRIPT_INCOMPLETE&INFO_REALIGN_3_PRIME;0;lof
MT;8666;AGCC;A;AGCC>A;612,585|0,4;0.9966694421315571|0.0033305578684429643;1201;11;41,41;368,405;50,47;16;0;2.4;3.94;A;conservative_inframe_deletion;MODERATE;mt-Co3;ENSMUSG00000064358;transcript;ENSMUST00000082409.1;protein_coding;1/1;c.61_63delGCC;p.Ala21del;61/784;61/784;21/260;;WARNING_TRANSCRIPT_INCOMPLETE;0;no
MT;8670;TTTTCAGCCCTCCTTC;T;TTTTCAGCCCTCCTTC>T;660,642|0,4;0.996937212863706|0.0030627871362940277;1306;11;41,41;369,405;50,47;15;0;2.4;3.82;T;disruptive_inframe_deletion;MODERATE;mt-Co3;ENSMUSG00000064358;transcript;ENSMUST00000082409.1;protein_coding;1/1;c.66_80delTTCAGCCCTCCTTCT;p.Phe22_Leu26del;66/784;66/784;22/260;;WARNING_TRANSCRIPT_INCOMPLETE&INFO_REALIGN_3_PRIME;0;no
MT;8688;ACATCAGGT;A;ACATCAGGT>A;632,641|0,4;0.9968676585747847|0.0031323414252153485;1277;11;41,41;367,405;50,47;12;0;2.4;3.87;A;frameshift_variant;HIGH;mt-Co3;ENSMUSG00000064358;transcript;ENSMUST00000082409.1;protein_coding;1/1;c.84_91delATCAGGTC;p.Gly30fs;84/784;84/784;28/260;;WARNING_TRANSCRIPT_INCOMPLETE&INFO_REALIGN_3_PRIME;0;lof
MT;8699;A;AT;A>AT;600,601|0,4;0.9966804979253112|0.0033195020746887966;1205;11;41,41;368,405;50,47;9;0;2.4;3.99;AT;frameshift_variant;HIGH;mt-Co3;ENSMUSG00000064358;transcript;ENSMUST00000082409.1;protein_coding;1/1;c.93_94insT;p.Val32fs;94/784;94/784;32/260;;WARNING_TRANSCRIPT_INCOMPLETE;0;lof
MT;8702;A;G;A>G;589,595|0,4;0.9966329966329966|0.003367003367003367;1207;11;41,41;368,405;50,47;5;0;2.4;4.01;G;synonymous_variant;LOW;mt-Co3;ENSMUSG00000064358;transcript;ENSMUST00000082409.1;protein_coding;1/1;c.96A>G;p.Val32Val;96/784;96/784;32/260;;WARNING_TRANSCRIPT_INCOMPLETE;0;no
MT;8832;C;CA;C>CA;620,441|17,3;0.9814986123959297|0.018501387604070305;1178;1;41,41;360,313;49,51;28;0;2.4;RPA=5,6;CA;frameshift_variant&stop_gained;HIGH;mt-Co3;ENSMUSG00000064358;transcript;ENSMUST00000082409.1;protein_coding;1/1;c.231dupA;p.Gly78fs;232/784;232/784;78/260;;WARNING_TRANSCRIPT_INCOMPLETE&INFO_REALIGN_3_PRIME;0;lof
MT;8992;TCCCACTACTTAATACTTC;T;TCCCACTACTTAATACTTC>T;667,693|3,2;0.9963369963369964|0.003663003663003663;1365;15;41,41;369,463;50,44;21;0;2.4;5.82;T;disruptive_inframe_deletion;MODERATE;mt-Co3;ENSMUSG00000064358;transcript;ENSMUST00000082409.1;protein_coding;1/1;c.387_404delCCCACTACTTAATACTTC;p.Pro130_Ser135del;387/784;387/784;129/260;;WARNING_TRANSCRIPT_INCOMPLETE;0;no
MT;9013;T;TGGG;T>TGGG;566,599|3,2;0.9957264957264957|0.004273504273504274;1170;15;41,41;369,463;50,44;23;0;2.4;6.11;TGGG;disruptive_inframe_insertion;MODERATE;mt-Co3;ENSMUSG00000064358;transcript;ENSMUST00000082409.1;protein_coding;1/1;c.407_408insGGG;p.Val136_Leu137insGly;408/784;408/784;136/260;;WARNING_TRANSCRIPT_INCOMPLETE;0;no
MT;9021;GCATC;G;GCATC>G;603,630|3,2;0.9959612277867528|0.004038772213247173;1238;15;41,41;370,463;50,44;18;0;2.4;5.96;G;frameshift_variant;HIGH;mt-Co3;ENSMUSG00000064358;transcript;ENSMUST00000082409.1;protein_coding;1/1;c.416_419delCATC;p.Ala139fs;416/784;416/784;139/260;;WARNING_TRANSCRIPT_INCOMPLETE;0;lof
MT;9028;GT;G;GT>G;583,617|3,2;0.995850622406639|0.004149377593360996;1205;15;41,41;370,463;50,44;21;0;2.4;6;G;frameshift_variant;HIGH;mt-Co3;ENSMUSG00000064358;transcript;ENSMUST00000082409.1;protein_coding;1/1;c.423delT;p.Val142fs;423/784;423/784;141/260;;WARNING_TRANSCRIPT_INCOMPLETE;0;lof
MT;9032;TTC;T;TTC>T;605,627|3,2;0.9959579628132579|0.004042037186742118;1237;15;41,41;371,463;50,44;24;0;2.4;5.94;T;frameshift_variant;HIGH;mt-Co3;ENSMUSG00000064358;transcript;ENSMUST00000082409.1;protein_coding;1/1;c.427_428delTC;p.Ser143fs;427/784;427/784;143/260;;WARNING_TRANSCRIPT_INCOMPLETE;0;lof
MT;9038;T;G;T>G;684,686|2,1;0.9978150036416606|0.0021849963583394027;1413;15;41,37;371,464;50,44;32;0;2.4;0.498;G;missense_variant;MODERATE;mt-Co3;ENSMUSG00000064358;transcript;ENSMUST00000082409.1;protein_coding;1/1;c.432T>G;p.Ile144Met;432/784;432/784;144/260;;WARNING_TRANSCRIPT_INCOMPLETE;0;no
MT;9040;C;A;C>A;597,632|2,1;0.997564935064935|0.002435064935064935;1233;15;41,41;370,464;50,44;34;0;2.4;0.591;A;missense_variant;MODERATE;mt-Co3;ENSMUSG00000064358;transcript;ENSMUST00000082409.1;protein_coding;1/1;c.434C>A;p.Thr145Lys;434/784;434/784;145/260;;WARNING_TRANSCRIPT_INCOMPLETE;0;no
MT;9104;CAT;C;CAT>C;577,495|2,0;0.9981378026070763|0.00186219739292365;1074;15;41,41;378,321;50,26;55;0;2.4;0.069;C;frameshift_variant;HIGH;mt-Co3;ENSMUSG00000064358;transcript;ENSMUST00000082409.1;protein_coding;1/1;c.499_500delAT;p.Ile167fs;499/784;499/784;167/260;;WARNING_TRANSCRIPT_INCOMPLETE;0;lof
MT;9108;A;G;A>G;573,498|2,0;0.9981360671015843|0.001863932898415657;1073;15;41,34;379,321;50,26;29;0;2.4;0.072;G;missense_variant;MODERATE;mt-Co3;ENSMUSG00000064358;transcript;ENSMUST00000082409.1;protein_coding;1/1;c.502A>G;p.Met168Val;502/784;502/784;168/260;;WARNING_TRANSCRIPT_INCOMPLETE;0;no
MT;9109;TAC;T;TAC>T;587,505|2,0;0.9981718464351006|0.0018281535648994515;1094;15;41,37;379,321;50,26;30;0;2.4;0.057;T;frameshift_variant;HIGH;mt-Co3;ENSMUSG00000064358;transcript;ENSMUST00000082409.1;protein_coding;1/1;c.504_505delAC;p.Met168fs;504/784;504/784;168/260;;WARNING_TRANSCRIPT_INCOMPLETE;0;lof
MT;9112;T;TGG;T>TGG;562,487|2,0;0.9980970504281637|0.0019029495718363464;1051;15;41,34;379,321;50,26;31;0;2.4;0.093;TGG;frameshift_variant;HIGH;mt-Co3;ENSMUSG00000064358;transcript;ENSMUST00000082409.1;protein_coding;1/1;c.506_507insGG;p.Gly170fs;507/784;507/784;169/260;;WARNING_TRANSCRIPT_INCOMPLETE;0;lof
MT;9115;GACTTTACT;G;GACTTTACT>G;615,534|2,0;0.998262380538662|0.0017376194613379669;1151;15;41,39;378,321;50,26;36;0;2.4;0.023;G;frameshift_variant;HIGH;mt-Co3;ENSMUSG00000064358;transcript;ENSMUST00000082409.1;protein_coding;1/1;c.510_517delACTTTACT;p.Leu171fs;510/784;510/784;170/260;;WARNING_TRANSCRIPT_INCOMPLETE;0;lof
MT;9127;C;G;C>G;600,535|2,0;0.9982409850483729|0.001759014951627089;1137;15;41,41;379,321;50,26;40;0;2.4;0.036;G;missense_variant;MODERATE;mt-Co3;ENSMUSG00000064358;transcript;ENSMUST00000082409.1;protein_coding;1/1;c.521C>G;p.Thr174Ser;521/784;521/784;174/260;;WARNING_TRANSCRIPT_INCOMPLETE;0;no
MT;9130;T;G;T>G;615,543|2,0;0.9982758620689656|0.0017241379310344827;1160;15;41,41;379,321;50,26;43;0;2.4;0.021;G;missense_variant;MODERATE;mt-Co3;ENSMUSG00000064358;transcript;ENSMUST00000082409.1;protein_coding;1/1;c.524T>G;p.Ile175Ser;524/784;524/784;175/260;;WARNING_TRANSCRIPT_INCOMPLETE;0;no
MT;9136;A;T;A>T;600,502|3,3;0.9945848375451264|0.005415162454873646;1165;15;41,39;379,370;50,40;10;0;2.4;5.03;T;missense_variant;MODERATE;mt-Co3;ENSMUSG00000064358;transcript;ENSMUST00000082409.1;protein_coding;1/1;c.530A>T;p.Gln177Leu;530/784;530/784;177/260;;WARNING_TRANSCRIPT_INCOMPLETE;0;no
MT;9529;T;TC;T>TC;542,671|10,11;0.9829821717990276|0.017017828200972446;1373;2;37,41;353,352;51,51;40;0;2.4;RPA=5,6;TC;frameshift_variant;HIGH;mt-Nd3;ENSMUSG00000064360;transcript;ENSMUST00000082411.1;protein_coding;1/1;c.76dupC;p.Gln26fs;77/348;77/348;26/115;;INFO_REALIGN_3_PRIME;0;lof
MT;9535;A;C;A>C;562,723|1,7;0.9938128383604021|0.006187161639597835;1344;2;41,12;352,353;51,60;19;0;2.4;0.627;C;missense_variant;MODERATE;mt-Nd3;ENSMUSG00000064360;transcript;ENSMUST00000082411.1;protein_coding;1/1;c.77A>C;p.Gln26Pro;77/348;77/348;26/115;;;0;no
MT;9804;TA;T;TA>T;288,259|1,2;0.9945454545454545|0.005454545454545455;608;3;41,37;366,429;27,60;52;0;2.4;RPA=3,2;T;frameshift_variant;HIGH;mt-Nd3;ENSMUSG00000064360;transcript;ENSMUST00000082411.1;protein_coding;1/1;c.337delA;p.Trp113fs;337/348;337/348;113/115;;INFO_REALIGN_3_PRIME;0;no
MT;9817;G;GT;G>GT;282,223|0,2;0.9960552268244576|0.0039447731755424065;558;3;41,41;373,426;24,37;49;0;2.4;RPA=3,4;GT;non_coding_transcript_exon_variant;MODIFIER;mt-Tr;ENSMUSG00000064361;transcript;ENSMUST00000082412.1;Mt_tRNA;1/1;n.13dupT;;;;;;INFO_REALIGN_3_PRIME;0;no
MT;9820;T;A;T>A;7,8|207,151;0.040214477211796246|0.9597855227882037;548;3;41,37;429,318;60,34;16;0;2.4;7.55;A;non_coding_transcript_exon_variant;MODIFIER;mt-Tr;ENSMUSG00000064361;transcript;ENSMUST00000082412.1;Mt_tRNA;1/1;n.13T>A;;;;;;;0;no
MT;9820;T;TA;T>TA;7,8|10,17;0.35714285714285715|0.6428571428571429;548;3;41,41;429,375;60,22;40;0;2.4;940.94;TA;non_coding_transcript_exon_variant;MODIFIER;mt-Tr;ENSMUSG00000064361;transcript;ENSMUST00000082412.1;Mt_tRNA;1/1;n.21dupA;;;;;;INFO_REALIGN_3_PRIME;0;no
MT;9820;T;TAA;T>TAA;7,8|4,2;0.7142857142857143|0.2857142857142857;548;3;41,41;429,336;60,48;40;0;2.4;31.9;TAA;non_coding_transcript_exon_variant;MODIFIER;mt-Tr;ENSMUSG00000064361;transcript;ENSMUST00000082412.1;Mt_tRNA;1/1;n.20_21dupAA;;;;;;INFO_REALIGN_3_PRIME;0;no
MT;10079;C;G;C>G;729,495|2,12;0.9886914378029079|0.011308562197092083;1295;4;41,41;346,352;49,38;12;0;2.4;21.64;G;missense_variant;MODERATE;mt-Nd4l;ENSMUSG00000065947;transcript;ENSMUST00000084013.1;protein_coding;1/1;c.203C>G;p.Ala68Gly;203/297;203/297;68/98;;;0;no
MT;10086;A;AAACTAAGATG;A>AAACTAAGATG;710,520|0,10;0.9919354838709677|0.008064516129032258;1256;4;41,32;348,337;49,27;3;0;2.4;7.86;AAACTAAGATG;frameshift_variant&stop_gained;HIGH;mt-Nd4l;ENSMUSG00000065947;transcript;ENSMUST00000084013.1;protein_coding;1/1;c.210_211insAACTAAGATG;p.Ala71fs;211/297;211/297;71/98;;;0;lof
MT;10171;T;TA;T>TA;416,598|3,3;0.9941176470588236|0.0058823529411764705;1104;4;41,41;335,367;50,40;36;0;2.4;RPA=5,6;TA;intragenic_variant;MODIFIER;mt-Nd4l;ENSMUSG00000065947;gene_variant;ENSMUSG00000065947;;;n.10176dupA;;;;;;;0;no
MT;10226;T;TA;T>TA;403,549|25,15;0.9596774193548387|0.04032258064516129;1118;4;41,41;343,364;49,50;46;0;2.4;RPA=7,8;TA;frameshift_variant;HIGH;mt-Nd4;ENSMUSG00000064363;transcript;ENSMUST00000082414.1;protein_coding;1/1;c.67dupA;p.Thr23fs;68/1378;68/1378;23/458;;WARNING_TRANSCRIPT_INCOMPLETE&INFO_REALIGN_3_PRIME;0;no
MT;10226;T;TAA;T>TAA;403,549|4,6;0.9896049896049897|0.010395010395010396;1118;4;41,39;343,328;49,49;42;0;2.4;RPA=7,9;TAA;frameshift_variant;HIGH;mt-Nd4;ENSMUSG00000064363;transcript;ENSMUST00000082414.1;protein_coding;1/1;c.66_67dupAA;p.Thr23fs;68/1378;68/1378;23/458;;WARNING_TRANSCRIPT_INCOMPLETE&INFO_REALIGN_3_PRIME;0;no
MT;10417;T;TA;T>TA;521,529|17,18;0.967741935483871|0.03225806451612903;1263;1;41,41;365,352;50,49;33;0;2.4;RPA=7,8;TA;frameshift_variant&stop_gained;HIGH;mt-Nd4;ENSMUSG00000064363;transcript;ENSMUST00000082414.1;protein_coding;1/1;c.258dupA;p.Asp87fs;259/1378;259/1378;87/458;;WARNING_TRANSCRIPT_INCOMPLETE&INFO_REALIGN_3_PRIME;0;lof
MT;11559;C;CA;C>CA;810,726|18,15;0.9789674952198852|0.021032504780114723;1744;1;41,41;348,391;60,60;20;0;2.4;RPA=6,7;CA;non_coding_transcript_exon_variant;MODIFIER;mt-Th;ENSMUSG00000064364;transcript;ENSMUST00000082415.1;Mt_tRNA;1/1;n.20dupA;;;;;;INFO_REALIGN_3_PRIME;0;no
MT;11643;CT;C;CT>C;856,894|3,4;0.9960159362549801|0.00398406374501992;1823;8;41,41;350,332;60,60;50;0;2.4;RPA=2,1;C;non_coding_transcript_exon_variant;MODIFIER;mt-Ts2;ENSMUSG00000064365;transcript;ENSMUST00000082416.1;Mt_tRNA;1/1;n.33delT;;;;;;INFO_REALIGN_3_PRIME;0;no
MT;11653;T;TA;T>TA;826,873|7,12;0.9889406286379511|0.011059371362048894;1839;8;41,41;349,383;60,60;49;0;2.4;RPA=5,6;TA;non_coding_transcript_exon_variant;MODIFIER;mt-Ts2;ENSMUSG00000064365;transcript;ENSMUST00000082416.1;Mt_tRNA;1/1;n.46dupA;;;;;;INFO_REALIGN_3_PRIME;0;no
MT;11681;G;GTTTTTGGTTCCTAAGACCAATGGATTACTATTATCCT;G>GTTTTTGGTTCCTAAGACCAATGGATTACTATTATCCT;936,1003|5,1;0.9969151670951156|0.003084832904884319;1949;8;41,0;353,271;60,60;50;0;2.4;7.16;GTTTTTGGTTCCTAAGACCAATGGATTACTATTATCCT;non_coding_transcript_exon_variant;MODIFIER;mt-Tl2;ENSMUSG00000064366;transcript;ENSMUST00000082417.1;Mt_tRNA;1/1;n.11_12insTTTTTGGTTCCTAAGACCAATGGATTACTATTATCCT;;;;;;;0;no
MT;11686;T;A;T>A;951,983|5,1;0.9969072164948454|0.003092783505154639;1940;8;41,41;353,271;60,60;27;0;2.4;6.61;A;non_coding_transcript_exon_variant;MODIFIER;mt-Tl2;ENSMUSG00000064366;transcript;ENSMUST00000082417.1;Mt_tRNA;1/1;n.16T>A;;;;;;;0;no
MT;11695;A;AAGGTTT;A>AAGGTTT;1012,997|7,0;0.9965277777777778|0.003472222222222222;2016;8;41,37;354,365;60,60;5;0;2.4;8.67;AAGGTTT;non_coding_transcript_exon_variant;MODIFIER;mt-Tl2;ENSMUSG00000064366;transcript;ENSMUST00000082417.1;Mt_tRNA;1/1;n.25_26insAGGTTT;;;;;;;0;no
MT;11700;T;TTC;T>TTC;972,1016|8,0;0.9959919839679359|0.004008016032064128;1996;8;41,41;355,356;60,60;15;0;2.4;10.77;TTC;non_coding_transcript_exon_variant;MODIFIER;mt-Tl2;ENSMUSG00000064366;transcript;ENSMUST00000082417.1;Mt_tRNA;1/1;n.30_31insTC;;;;;;;0;no
MT;11703;T;A;T>A;1005,1031|10,0;0.9951124144672532|0.004887585532746823;2046;8;41,39;356,349;60,60;14;0;2.4;14.92;A;non_coding_transcript_exon_variant;MODIFIER;mt-Tl2;ENSMUSG00000064366;transcript;ENSMUST00000082417.1;Mt_tRNA;1/1;n.33T>A;;;;;;;0;no
MT;11705;GGA;G;GGA>G;997,1067|10,0;0.9951783992285439|0.0048216007714561235;2074;8;41,41;357,349;60,60;16;0;2.4;15.32;G;non_coding_transcript_exon_variant;MODIFIER;mt-Tl2;ENSMUSG00000064366;transcript;ENSMUST00000082417.1;Mt_tRNA;1/1;n.36_37delGA;;;;;;;0;no
MT;11710;CA;C;CA>C;922,970|6,2;0.9957894736842106|0.004210526315789474;2020;8;41,41;356,279;60,60;35;0;2.4;RPA=5,4;C;non_coding_transcript_exon_variant;MODIFIER;mt-Tl2;ENSMUSG00000064366;transcript;ENSMUST00000082417.1;Mt_tRNA;1/1;n.45delA;;;;;;INFO_REALIGN_3_PRIME;0;no
MT;11712;AAAACCT;A;AAAACCT>A;983,1088|11,0;0.994716618635927|0.005283381364073006;2082;8;41,41;356,352;60,60;17;0;2.4;17.22;A;non_coding_transcript_exon_variant;MODIFIER;mt-Tl2;ENSMUSG00000064366;transcript;ENSMUST00000082417.1;Mt_tRNA;1/1;n.43_48delAAACCT;;;;;;;0;no
MT;11721;G;GAT;G>GAT;968,1045|13,0;0.993583415597236|0.006416584402764067;2026;8;41,41;355,346;60,60;20;0;2.4;21.93;GAT;non_coding_transcript_exon_variant;MODIFIER;mt-Tl2;ENSMUSG00000064366;transcript;ENSMUST00000082417.1;Mt_tRNA;1/1;n.51_52insAT;;;;;;;0;no
MT;11723;G;A;G>A;956,1051|13,0;0.9935643564356436|0.006435643564356435;2020;8;41,41;356,346;60,60;23;0;2.4;21.93;A;non_coding_transcript_exon_variant;MODIFIER;mt-Tl2;ENSMUSG00000064366;transcript;ENSMUST00000082417.1;Mt_tRNA;1/1;n.53G>A;;;;;;;0;no
MT;11725;A;T;A>T;946,1063|13,0;0.993570722057369|0.006429277942631058;2022;8;41,41;356,346;60,60;25;0;2.4;21.95;T;non_coding_transcript_exon_variant;MODIFIER;mt-Tl2;ENSMUSG00000064366;transcript;ENSMUST00000082417.1;Mt_tRNA;1/1;n.55A>T;;;;;;;0;no
MT;11726;A;ATT;A>ATT;929,1074|14,0;0.9930589985126426|0.006941001487357461;2017;8;41,41;359,347;60,60;26;0;2.4;24.28;ATT;non_coding_transcript_exon_variant;MODIFIER;mt-Tl2;ENSMUSG00000064366;transcript;ENSMUST00000082417.1;Mt_tRNA;1/1;n.56_57insTT;;;;;;;0;no
MT;11730;CA;C;CA>C;904,1074|15,0;0.9924736578023081|0.007526342197691922;1996;8;41,41;359,346;60,60;31;0;2.4;RPA=3,2;C;non_coding_transcript_exon_variant;MODIFIER;mt-Tl2;ENSMUSG00000064366;transcript;ENSMUST00000082417.1;Mt_tRNA;1/1;n.63delA;;;;;;INFO_REALIGN_3_PRIME;0;no
MT;11732;A;T;A>T;898,1068|15,0;0.9924280666330136|0.00757193336698637;1993;8;41,41;359,346;60,60;31;0;2.4;26.53;T;non_coding_transcript_exon_variant;MODIFIER;mt-Tl2;ENSMUSG00000064366;transcript;ENSMUST00000082417.1;Mt_tRNA;1/1;n.62A>T;;;;;;;0;no
MT;12635;C;A;C>A;730,746|1,4;0.9966239027683997|0.00337609723160027;1672;4;41,41;367,364;60,60;0;0;2.4;0.094;A;missense_variant;MODERATE;mt-Nd5;ENSMUSG00000064367;transcript;ENSMUST00000082418.1;protein_coding;1/1;c.894C>A;p.Ile298Met;894/1824;894/1824;298/607;;;0;no
MT;12635;C;CA;C>CA;730,746|18,13;0.9794293297942933|0.0205706702057067;1672;4;41,41;367,354;60,60;43;0;2.4;28.29;CA;frameshift_variant;HIGH;mt-Nd5;ENSMUSG00000064367;transcript;ENSMUST00000082418.1;protein_coding;1/1;c.901dupA;p.Ile301fs;902/1824;902/1824;301/607;;INFO_REALIGN_3_PRIME;0;lof
MT;12650;CT;C;CT>C;806,805|0,7;0.9956736711990112|0.004326328800988875;1677;4;41,41;367,324;60,60;49;0;2.4;RPA=2,1;C;frameshift_variant;HIGH;mt-Nd5;ENSMUSG00000064367;transcript;ENSMUST00000082418.1;protein_coding;1/1;c.911delT;p.Phe304fs;911/1824;911/1824;304/607;;INFO_REALIGN_3_PRIME;0;lof
MT;12675;C;CTGATAATAGTGATGCTAGGTGTGGTTGGTTTATTCCTAGCGTCACTATTATCAGGCCTAGTTGGCT;C>CTGATAATAGTGATGCTAGGTGTGGTTGGTTTATTCCTAGCGTCACTATTATCAGGCCTAGTTGGCT;902,877|8,0;0.9955232232792389|0.004476776720761052;1795;4;41,0;370,427;60,60;50;0;2.4;9.75;CTGATAATAGTGATGCTAGGTGTGGTTGGTTTATTCCTAGCGTCACTATTATCAGGCCTAGTTGGCT;disruptive_inframe_insertion;MODERATE;mt-Nd5;ENSMUSG00000064367;transcript;ENSMUST00000082418.1;protein_coding;1/1;c.946_947insTGCTAGGTGTGGTTGGTTTATTCCTAGCGTCACTATTATCAGGCCTAGTTGGCTTGATAATAGTGA;p.Val315_Thr316insMetLeuGlyValValGlyLeuPheLeuAlaSerLeuLeuSerGlyLeuValGlyLeuMetMetVal;947/1824;947/1824;316/607;;INFO_REALIGN_3_PRIME;0;no
MT;12680;A;AATAGTGATGCTAGGTGTGGTTGGTTTATTCCTAGCGTCACTATTATCAGGCCTAGTTGGCTTGATG;A>AATAGTGATGCTAGGTGTGGTTGGTTTATTCCTAGCGTCACTATTATCAGGCCTAGTTGGCTTGATG;935,916|5,0;0.9973060344827587|0.0026939655172413795;1859;4;41,0;370,310;60,60;50;0;2.4;4.75;AATAGTGATGCTAGGTGTGGTTGGTTTATTCCTAGCGTCACTATTATCAGGCCTAGTTGGCTTGATG;disruptive_inframe_insertion;MODERATE;mt-Nd5;ENSMUSG00000064367;transcript;ENSMUST00000082418.1;protein_coding;1/1;c.946_947insTGCTAGGTGTGGTTGGTTTATTCCTAGCGTCACTATTATCAGGCCTAGTTGGCTTGATGATAGTGA;p.Val315_Thr316insMetLeuGlyValValGlyLeuPheLeuAlaSerLeuLeuSerGlyLeuValGlyLeuMetMetVal;947/1824;947/1824;316/607;;INFO_REALIGN_3_PRIME;0;no
MT;12771;G;A;G>A;6,0|982,921;0.003143006809848088|0.9968569931901519;1975;1;41,41;509,373;60,60;36;0;2.4;7829.16;A;missense_variant;MODERATE;mt-Nd5;ENSMUSG00000064367;transcript;ENSMUST00000082418.1;protein_coding;1/1;c.1030G>A;p.Gly344Ser;1030/1824;1030/1824;344/607;;;0;no
MT;13052;T;TC;T>TC;678,826|57,61;0.9272503082614056|0.07274969173859433;1797;2;32,37;352,333;60,60;38;0;2.4;RPA=7,8;TC;frameshift_variant;HIGH;mt-Nd5;ENSMUSG00000064367;transcript;ENSMUST00000082418.1;protein_coding;1/1;c.1318dupC;p.Leu440fs;1319/1824;1319/1824;440/607;;INFO_REALIGN_3_PRIME;0;lof
MT;13052;T;TCC;T>TCC;678,826|3,12;0.990125082290981|0.009874917709019092;1797;2;32,12;352,295;60,60;28;0;2.4;RPA=7,9;TCC;frameshift_variant;HIGH;mt-Nd5;ENSMUSG00000064367;transcript;ENSMUST00000082418.1;protein_coding;1/1;c.1317_1318dupCC;p.Leu440fs;1319/1824;1319/1824;440/607;;INFO_REALIGN_3_PRIME;0;lof
MT;13052;T;TCCC;T>TCCC;678,826|0,3;0.9980092899800929|0.0019907100199071004;1797;2;32,12;352,241;60,60;37;0;2.4;RPA=7,10;TCCC;disruptive_inframe_insertion;MODERATE;mt-Nd5;ENSMUSG00000064367;transcript;ENSMUST00000082418.1;protein_coding;1/1;c.1316_1318dupCCC;p.Pro439dup;1319/1824;1319/1824;440/607;;INFO_REALIGN_3_PRIME;0;no
MT;13060;T;C;T>C;786,951|3,9;0.9931389365351629|0.00686106346483705;1854;2;41,41;350,386;60,60;2;0;2.4;1.19;C;missense_variant;MODERATE;mt-Nd5;ENSMUSG00000064367;transcript;ENSMUST00000082418.1;protein_coding;1/1;c.1319T>C;p.Leu440Pro;1319/1824;1319/1824;440/607;;;0;no
MT;13765;T;TA;T>TA;694,918|5,24;0.9823278488726387|0.017672151127361365;1853;3;37,37;345,347;60,60;29;0;2.4;RPA=7,8;TA;frameshift_variant;HIGH;mt-Nd6;ENSMUSG00000064368;transcript;ENSMUST00000082419.1;protein_coding;1/1;c.305dupT;p.Leu102fs;305/519;305/519;102/172;;;0;lof
MT;13784;A;AC;A>AC;763,898|7,3;0.9940155595451825|0.005984440454817474;1826;3;37,35;347,282;60,60;41;0;2.4;RPA=5,6;AC;frameshift_variant;HIGH;mt-Nd6;ENSMUSG00000064368;transcript;ENSMUST00000082419.1;protein_coding;1/1;c.286dupG;p.Val96fs;286/519;286/519;96/172;;;0;lof
MT;13784;A;ACC;A>ACC;763,898|1,8;0.9946107784431137|0.005389221556886228;1826;3;37,22;347,369;60,60;10;0;2.4;RPA=5,7;ACC;frameshift_variant;HIGH;mt-Nd6;ENSMUSG00000064368;transcript;ENSMUST00000082419.1;protein_coding;1/1;c.285_286dupGG;p.Val96fs;286/519;286/519;96/172;;;0;lof
MT;13795;T;TA;T>TA;773,843|12,15;0.9835666463785758|0.016433353621424222;1806;3;41,37;350,295;60,60;32;0;2.4;RPA=6,7;TA;frameshift_variant;HIGH;mt-Nd6;ENSMUSG00000064368;transcript;ENSMUST00000082419.1;protein_coding;1/1;c.275dupT;p.Leu92fs;275/519;275/519;92/172;;;0;lof
MT;13884;T;C;T>C;766,766|7,13;0.9871134020618557|0.01288659793814433;1861;3;32,12;349,362;60,60;19;0;2.4;8.8;C;missense_variant;MODERATE;mt-Nd6;ENSMUSG00000064368;transcript;ENSMUST00000082419.1;protein_coding;1/1;c.187A>G;p.Met63Val;187/519;187/519;63/172;;;0;no
MT;13884;T;TC;T>TC;766,766|28,22;0.9683944374209861|0.0316055625790139;1861;3;32,37;349,351;60,60;34;0;2.4;50.86;TC;frameshift_variant;HIGH;mt-Nd6;ENSMUSG00000064368;transcript;ENSMUST00000082419.1;protein_coding;1/1;c.186dupG;p.Met63fs;186/519;186/519;62/172;;;0;lof
MT;13890;C;CCAT;C>CCAT;848,856|0,7;0.9959088252483927|0.004091174751607247;1851;3;41,41;349,382;60,60;3;0;2.4;2.05;CCAT;conservative_inframe_insertion;MODERATE;mt-Nd6;ENSMUSG00000064368;transcript;ENSMUST00000082419.1;protein_coding;1/1;c.180_181insATG;p.Leu60_Gly61insMet;180/519;180/519;60/172;;;0;no
MT;13890;C;CCCCG;C>CCCCG;848,856|0,5;0.9970743124634289|0.002925687536571094;1851;3;41,41;349,486;60,60;4;0;2.4;0.033;CCCCG;frameshift_variant;HIGH;mt-Nd6;ENSMUSG00000064368;transcript;ENSMUST00000082419.1;protein_coding;1/1;c.180_181insCGGG;p.Gly61fs;180/519;180/519;60/172;;;0;lof
MT;13891;T;C;T>C;844,863|2,3;0.9970794392523364|0.0029205607476635513;1897;3;41,37;349,376;60,60;3;0;2.4;0.247;C;synonymous_variant;LOW;mt-Nd6;ENSMUSG00000064368;transcript;ENSMUST00000082419.1;protein_coding;1/1;c.180A>G;p.Leu60Leu;180/519;180/519;60/172;;;0;no
MT;13891;TAA;CCC;TAA>CCC;844,863|0,4;0.9976621858562245|0.0023378141437755697;1897;3;41,41;349,366;60,60;4;0;2.4;1.49;CCC;missense_variant;MODERATE;mt-Nd6;ENSMUSG00000064368;transcript;ENSMUST00000082419.1;protein_coding;1/1;c.178_180delTTAinsGGG;p.Leu60Gly;180/519;178/519;60/172;;;0;no
MT;15758;T;TG;T>TG;840,684|19,13;0.9794344473007712|0.02056555269922879;1688;1;41,39;361,306;60,60;33;0;2.4;RPA=5,6;TG;intergenic_region;MODIFIER;mt-Tp-CHR_END;ENSMUSG00000064372-CHR_END;intergenic_region;ENSMUSG00000064372-CHR_END;;;n.15758_15759insG;;;;;;;0;no
MT;16092;A;AC;A>AC;408,779|4,23;0.9777594728171335|0.022240527182866558;1344;22;32,27;357,320;60,60;34;0;2.4;RPA=6,7;AC;intergenic_region;MODIFIER;mt-Tp-CHR_END;ENSMUSG00000064372-CHR_END;intergenic_region;ENSMUSG00000064372-CHR_END;;;n.16092_16093insC;;;;;;;0;no
MT;16099;A;AC;A>AC;332,776|42,9;0.9559965487489215|0.04400345125107852;1336;22;27,37;355,537;60,60;51;0;2.4;8.08;AC;intergenic_region;MODIFIER;mt-Tp-CHR_END;ENSMUSG00000064372-CHR_END;intergenic_region;ENSMUSG00000064372-CHR_END;;;n.16099_16100insC;;;;;;;0;no
MT;16099;A;C;A>C;332,776|6,8;0.9875222816399287|0.012477718360071301;1336;22;27,12;355,340;60,60;24;0;2.4;13.2;C;intergenic_region;MODIFIER;mt-Tp-CHR_END;ENSMUSG00000064372-CHR_END;intergenic_region;ENSMUSG00000064372-CHR_END;;;n.16099A>C;;;;;;;0;no
MT;16105;T;C;T>C;328,816|67,4;0.9415637860082304|0.05843621399176955;1289;22;37,12;358,497;60,60;25;0;2.4;28.85;C;intergenic_region;MODIFIER;mt-Tp-CHR_END;ENSMUSG00000064372-CHR_END;intergenic_region;ENSMUSG00000064372-CHR_END;;;n.16105T>C;;;;;;;0;no
MT;16108;T;C;T>C;340,814|51,6;0.9529314616019818|0.04706853839801817;1285;22;37,12;360,15467;60,60;24;0;2.4;22.88;C;intergenic_region;MODIFIER;mt-Tp-CHR_END;ENSMUSG00000064372-CHR_END;intergenic_region;ENSMUSG00000064372-CHR_END;;;n.16108T>C;;;;;;;0;no
MT;16110;T;C;T>C;397,822|10,0;0.9918633034987795|0.008136696501220505;1293;22;37,10;367,7959;60,60;20;0;2.4;0.302;C;intergenic_region;MODIFIER;mt-Tp-CHR_END;ENSMUSG00000064372-CHR_END;intergenic_region;ENSMUSG00000064372-CHR_END;;;n.16110T>C;;;;;;;0;no
MT;16115;G;T;G>T;386,780|30,2;0.9732888146911519|0.02671118530884808;1260;22;41,12;370,15728;60,60;30;0;2.4;11.53;T;intergenic_region;MODIFIER;mt-Tp-CHR_END;ENSMUSG00000064372-CHR_END;intergenic_region;ENSMUSG00000064372-CHR_END;;;n.16115G>T;;;;;;;0;no
MT;16124;CA;C;CA>C;430,726|6,5;0.9905741216795202|0.009425878320479864;1273;22;41,20;378,197;60,60;36;0;2.4;RPA=5,4;C;intergenic_region;MODIFIER;mt-Tp-CHR_END;ENSMUSG00000064372-CHR_END;intergenic_region;ENSMUSG00000064372-CHR_END;;;n.16125delA;;;;;;;0;no
MT;16125;A;C;A>C;406,773|27,4;0.9743801652892562|0.0256198347107438;1270;22;41,12;377,15694;60,60;19;0;2.4;4.37;C;intergenic_region;MODIFIER;mt-Tp-CHR_END;ENSMUSG00000064372-CHR_END;intergenic_region;ENSMUSG00000064372-CHR_END;;;n.16125A>C;;;;;;;0;no
MT;16131;A;C;A>C;451,768|5,0;0.9959150326797386|0.004084967320261438;1239;22;41,12;384,15921;60,60;36;0;2.4;0.45;C;intergenic_region;MODIFIER;mt-Tp-CHR_END;ENSMUSG00000064372-CHR_END;intergenic_region;ENSMUSG00000064372-CHR_END;;;n.16131A>C;;;;;;;0;no
MT;16133;T;C;T>C;433,766|3,0;0.997504159733777|0.0024958402662229617;1230;22;41,12;384,15896;60,60;43;0;2.4;0.307;C;intergenic_region;MODIFIER;mt-Tp-CHR_END;ENSMUSG00000064372-CHR_END;intergenic_region;ENSMUSG00000064372-CHR_END;;;n.16133T>C;;;;;;;0;no
MT;16136;G;A;G>A;401,770|14,0;0.9881856540084388|0.01181434599156118;1193;22;41,12;390,15905;60,60;31;0;2.4;8.2;A;intergenic_region;MODIFIER;mt-Tp-CHR_END;ENSMUSG00000064372-CHR_END;intergenic_region;ENSMUSG00000064372-CHR_END;;;n.16136G>A;;;;;;;0;no
MT;16140;T;C;T>C;383,738|14,0;0.9876651982378855|0.012334801762114538;1189;22;41,12;390,15911;60,60;32;0;2.4;5.9;C;intergenic_region;MODIFIER;mt-Tp-CHR_END;ENSMUSG00000064372-CHR_END;intergenic_region;ENSMUSG00000064372-CHR_END;;;n.16140T>C;;;;;;;0;no
MT;16142;G;C;G>C;416,758|2,0;0.9982993197278912|0.0017006802721088435;1201;22;41,17;398,15845;60,60;27;0;2.4;0.623;C;intergenic_region;MODIFIER;mt-Tp-CHR_END;ENSMUSG00000064372-CHR_END;intergenic_region;ENSMUSG00000064372-CHR_END;;;n.16142G>C;;;;;;;0;no
MT;16142;G;T;G>T;416,758|5,0;0.9957591178965225|0.004240882103477523;1201;22;41,17;398,15922;60,60;26;0;2.4;4.53;T;intergenic_region;MODIFIER;mt-Tp-CHR_END;ENSMUSG00000064372-CHR_END;intergenic_region;ENSMUSG00000064372-CHR_END;;;n.16142G>T;;;;;;;0;no
MT;16146;G;A;G>A;400,738|12,1;0.9887054735013032|0.011294526498696786;1202;22;41,12;398,15633;60,60;21;0;2.4;0.391;A;intergenic_region;MODIFIER;mt-Tp-CHR_END;ENSMUSG00000064372-CHR_END;intergenic_region;ENSMUSG00000064372-CHR_END;;;n.16146G>A;;;;;;;0;no
MT;16149;A;C;A>C;398,757|6,1;0.9939759036144579|0.006024096385542169;1222;22;41,12;401,15913;60,60;33;0;2.4;0.479;C;intergenic_region;MODIFIER;mt-Tp-CHR_END;ENSMUSG00000064372-CHR_END;intergenic_region;ENSMUSG00000064372-CHR_END;;;n.16149A>C;;;;;;;0;no
MT;16150;T;A;T>A;418,778|5,0;0.9958368026644463|0.004163197335553705;1202;22;41,12;401,263;60,60;19;0;2.4;4.59;A;intergenic_region;MODIFIER;mt-Tp-CHR_END;ENSMUSG00000064372-CHR_END;intergenic_region;ENSMUSG00000064372-CHR_END;;;n.16150T>A;;;;;;;0;no
MT;16152;T;A;T>A;415,767|4,0;0.9966273187183811|0.003372681281618887;1204;22;41,12;403,15860;60,60;16;0;2.4;0.925;A;intergenic_region;MODIFIER;mt-Tp-CHR_END;ENSMUSG00000064372-CHR_END;intergenic_region;ENSMUSG00000064372-CHR_END;;;n.16152T>A;;;;;;;0;no
MT;16155;T;A;T>A;419,697|6,0;0.9946524064171123|0.0053475935828877;1156;22;41,12;411,15840;60,60;11;0;2.4;5.01;A;intergenic_region;MODIFIER;mt-Tp-CHR_END;ENSMUSG00000064372-CHR_END;intergenic_region;ENSMUSG00000064372-CHR_END;;;n.16155T>A;;;;;;;0;no
MT;16157;T;A;T>A;423,689|3,0;0.9973094170403587|0.0026905829596412557;1160;22;41,12;412,15825;60,60;26;0;2.4;0.427;A;intergenic_region;MODIFIER;mt-Tp-CHR_END;ENSMUSG00000064372-CHR_END;intergenic_region;ENSMUSG00000064372-CHR_END;;;n.16157T>A;;;;;;;0;no
MT;16161;C;A;C>A;435,702|4,0;0.9964943032427696|0.0035056967572304996;1195;22;41,12;416,15862;60,60;27;0;2.4;2.94;A;intergenic_region;MODIFIER;mt-Tp-CHR_END;ENSMUSG00000064372-CHR_END;intergenic_region;ENSMUSG00000064372-CHR_END;;;n.16161C>A;;;;;;;0;no
MT;16169;C;A;C>A;473,720|5,1;0.9949958298582152|0.0050041701417848205;1231;22;41,17;418,15924;60,60;10;0;2.4;2.91;A;intergenic_region;MODIFIER;mt-Tp-CHR_END;ENSMUSG00000064372-CHR_END;intergenic_region;ENSMUSG00000064372-CHR_END;;;n.16169C>A;;;;;;;0;no
MT;16180;G;T;G>T;517,707|6,4;0.9918962722852512|0.008103727714748784;1270;22;41,12;438,15715;60,60;22;0;2.4;2.2;T;intergenic_region;MODIFIER;mt-Tp-CHR_END;ENSMUSG00000064372-CHR_END;intergenic_region;ENSMUSG00000064372-CHR_END;;;n.16180G>T;;;;;;;0;no
