Chr;Pos;Ref;Alt;SNP;Allele;Annotation;Annotation_Impact;Gene_Name;Gene_ID;Feature_Type;Feature_ID;Transcript_BioType;Rank;HGVS.c;HGVS.p;cDNA.pos/cDNA.length;CDS.pos/CDS.length;AA.pos/AA.length;Distance;ERRORS/WARNINGS/INFO;lof
MT;73;G;T;G>T;T;non_coding_transcript_exon_variant;MODIFIER;mt-Rnr1;ENSMUSG00000064337;transcript;ENSMUST00000082388.1;Mt_rRNA;1/1;n.4G>T;;;;;;;no
MT;139;TA;T;TA>T;T;non_coding_transcript_exon_variant;MODIFIER;mt-Rnr1;ENSMUSG00000064337;transcript;ENSMUST00000082388.1;Mt_rRNA;1/1;n.74delA;;;;;;INFO_REALIGN_3_PRIME;no
MT;193;A;G;A>G;G;non_coding_transcript_exon_variant;MODIFIER;mt-Rnr1;ENSMUSG00000064337;transcript;ENSMUST00000082388.1;Mt_rRNA;1/1;n.124A>G;;;;;;;no
MT;222;A;AC;A>AC;AC;non_coding_transcript_exon_variant;MODIFIER;mt-Rnr1;ENSMUSG00000064337;transcript;ENSMUST00000082388.1;Mt_rRNA;1/1;n.158dupC;;;;;;INFO_REALIGN_3_PRIME;no
MT;227;C;CCGTGGGGGTGTGGCT;C>CCGTGGGGGTGTGGCT;CCGTGGGGGTGTGGCT;non_coding_transcript_exon_variant;MODIFIER;mt-Rnr1;ENSMUSG00000064337;transcript;ENSMUST00000082388.1;Mt_rRNA;1/1;n.158_159insCGTGGGGGTGTGGCT;;;;;;;no
MT;228;A;C;A>C;C;non_coding_transcript_exon_variant;MODIFIER;mt-Rnr1;ENSMUSG00000064337;transcript;ENSMUST00000082388.1;Mt_rRNA;1/1;n.159A>C;;;;;;;no
MT;239;C;T;C>T;T;non_coding_transcript_exon_variant;MODIFIER;mt-Rnr1;ENSMUSG00000064337;transcript;ENSMUST00000082388.1;Mt_rRNA;1/1;n.170C>T;;;;;;;no
MT;263;C;CTTTCGTTTATTGCTTAATATTTATCACTGCT;C>CTTTCGTTTATTGCTTAATATTTATCACTGCT;CTTTCGTTTATTGCTTAATATTTATCACTGCT;non_coding_transcript_exon_variant;MODIFIER;mt-Rnr1;ENSMUSG00000064337;transcript;ENSMUST00000082388.1;Mt_rRNA;1/1;n.194_195insTTTCGTTTATTGCTTAATATTTATCACTGCT;;;;;;;no
MT;704;T;TA;T>TA;TA;non_coding_transcript_exon_variant;MODIFIER;mt-Rnr1;ENSMUSG00000064337;transcript;ENSMUST00000082388.1;Mt_rRNA;1/1;n.640dupA;;;;;;INFO_REALIGN_3_PRIME;no
MT;704;TA;T;TA>T;T;non_coding_transcript_exon_variant;MODIFIER;mt-Rnr1;ENSMUSG00000064337;transcript;ENSMUST00000082388.1;Mt_rRNA;1/1;n.640delA;;;;;;INFO_REALIGN_3_PRIME;no
MT;739;T;A;T>A;A;non_coding_transcript_exon_variant;MODIFIER;mt-Rnr1;ENSMUSG00000064337;transcript;ENSMUST00000082388.1;Mt_rRNA;1/1;n.670T>A;;;;;;;no
MT;739;T;TA;T>TA;TA;non_coding_transcript_exon_variant;MODIFIER;mt-Rnr1;ENSMUSG00000064337;transcript;ENSMUST00000082388.1;Mt_rRNA;1/1;n.675dupA;;;;;;INFO_REALIGN_3_PRIME;no
MT;739;T;TAA;T>TAA;TAA;non_coding_transcript_exon_variant;MODIFIER;mt-Rnr1;ENSMUSG00000064337;transcript;ENSMUST00000082388.1;Mt_rRNA;1/1;n.674_675dupAA;;;;;;INFO_REALIGN_3_PRIME;no
MT;745;C;A;C>A;A;non_coding_transcript_exon_variant;MODIFIER;mt-Rnr1;ENSMUSG00000064337;transcript;ENSMUST00000082388.1;Mt_rRNA;1/1;n.676C>A;;;;;;;no
MT;999;A;ACACTTTCCAGTAGGCT;A>ACACTTTCCAGTAGGCT;ACACTTTCCAGTAGGCT;non_coding_transcript_exon_variant;MODIFIER;mt-Rnr1;ENSMUSG00000064337;transcript;ENSMUST00000082388.1;Mt_rRNA;1/1;n.930_931insCACTTTCCAGTAGGCT;;;;;;;no
MT;1008;A;AGT;A>AGT;AGT;non_coding_transcript_exon_variant;MODIFIER;mt-Rnr1;ENSMUSG00000064337;transcript;ENSMUST00000082388.1;Mt_rRNA;1/1;n.943_944dupTG;;;;;;INFO_REALIGN_3_PRIME;no
MT;1014;C;CGTACTTCATTGCTCAATTCAATTAAGCTCTCTATTCTTAAT;C>CGTACTTCATTGCTCAATTCAATTAAGCTCTCTATTCTTAAT;CGTACTTCATTGCTCAATTCAATTAAGCTCTCTATTCTTAAT;non_coding_transcript_exon_variant;MODIFIER;mt-Rnr1;ENSMUSG00000064337;transcript;ENSMUST00000082388.1;Mt_rRNA;1/1;n.945_946insGTACTTCATTGCTCAATTCAATTAAGCTCTCTATTCTTAAT;;;;;;;no
MT;1309;TA;T;TA>T;T;non_coding_transcript_exon_variant;MODIFIER;mt-Rnr2;ENSMUSG00000064339;transcript;ENSMUST00000082390.1;Mt_rRNA;1/1;n.220delA;;;;;;INFO_REALIGN_3_PRIME;no
MT;1346;G;T;G>T;T;non_coding_transcript_exon_variant;MODIFIER;mt-Rnr2;ENSMUSG00000064339;transcript;ENSMUST00000082390.1;Mt_rRNA;1/1;n.253G>T;;;;;;;no
MT;1357;A;ATCTTCT;A>ATCTTCT;ATCTTCT;non_coding_transcript_exon_variant;MODIFIER;mt-Rnr2;ENSMUSG00000064339;transcript;ENSMUST00000082390.1;Mt_rRNA;1/1;n.264_265insTCTTCT;;;;;;;no
MT;1359;A;ACT;A>ACT;ACT;non_coding_transcript_exon_variant;MODIFIER;mt-Rnr2;ENSMUSG00000064339;transcript;ENSMUST00000082390.1;Mt_rRNA;1/1;n.266_267insCT;;;;;;;no
MT;1364;T;TGCCAC;T>TGCCAC;TGCCAC;non_coding_transcript_exon_variant;MODIFIER;mt-Rnr2;ENSMUSG00000064339;transcript;ENSMUST00000082390.1;Mt_rRNA;1/1;n.271_272insGCCAC;;;;;;;no
MT;1366;T;TA;T>TA;TA;non_coding_transcript_exon_variant;MODIFIER;mt-Rnr2;ENSMUSG00000064339;transcript;ENSMUST00000082390.1;Mt_rRNA;1/1;n.273_274insA;;;;;;;no
MT;1368;AAT;A;AAT>A;A;non_coding_transcript_exon_variant;MODIFIER;mt-Rnr2;ENSMUSG00000064339;transcript;ENSMUST00000082390.1;Mt_rRNA;1/1;n.276_277delAT;;;;;;;no
MT;1372;A;G;A>G;G;non_coding_transcript_exon_variant;MODIFIER;mt-Rnr2;ENSMUSG00000064339;transcript;ENSMUST00000082390.1;Mt_rRNA;1/1;n.279A>G;;;;;;;no
MT;1374;C;G;C>G;G;non_coding_transcript_exon_variant;MODIFIER;mt-Rnr2;ENSMUSG00000064339;transcript;ENSMUST00000082390.1;Mt_rRNA;1/1;n.281C>G;;;;;;;no
MT;1376;C;T;C>T;T;non_coding_transcript_exon_variant;MODIFIER;mt-Rnr2;ENSMUSG00000064339;transcript;ENSMUST00000082390.1;Mt_rRNA;1/1;n.283C>T;;;;;;;no
MT;1377;G;GAT;G>GAT;GAT;non_coding_transcript_exon_variant;MODIFIER;mt-Rnr2;ENSMUSG00000064339;transcript;ENSMUST00000082390.1;Mt_rRNA;1/1;n.284_285insAT;;;;;;;no
MT;1379;CT;C;CT>C;C;non_coding_transcript_exon_variant;MODIFIER;mt-Rnr2;ENSMUSG00000064339;transcript;ENSMUST00000082390.1;Mt_rRNA;1/1;n.287delT;;;;;;;no
MT;1382;TGTGGC;T;TGTGGC>T;T;non_coding_transcript_exon_variant;MODIFIER;mt-Rnr2;ENSMUSG00000064339;transcript;ENSMUST00000082390.1;Mt_rRNA;1/1;n.290_294delGTGGC;;;;;;;no
MT;1392;TAG;T;TAG>T;T;non_coding_transcript_exon_variant;MODIFIER;mt-Rnr2;ENSMUSG00000064339;transcript;ENSMUST00000082390.1;Mt_rRNA;1/1;n.300_301delAG;;;;;;;no
MT;1396;GAGAAGA;G;GAGAAGA>G;G;non_coding_transcript_exon_variant;MODIFIER;mt-Rnr2;ENSMUSG00000064339;transcript;ENSMUST00000082390.1;Mt_rRNA;1/1;n.304_309delAGAAGA;;;;;;;no
MT;1402;A;AT;A>AT;AT;non_coding_transcript_exon_variant;MODIFIER;mt-Rnr2;ENSMUSG00000064339;transcript;ENSMUST00000082390.1;Mt_rRNA;1/1;n.314dupT;;;;;;INFO_REALIGN_3_PRIME;no
MT;1430;G;A;G>A;A;non_coding_transcript_exon_variant;MODIFIER;mt-Rnr2;ENSMUSG00000064339;transcript;ENSMUST00000082390.1;Mt_rRNA;1/1;n.337G>A;;;;;;;no
MT;1453;C;CA;C>CA;CA;non_coding_transcript_exon_variant;MODIFIER;mt-Rnr2;ENSMUSG00000064339;transcript;ENSMUST00000082390.1;Mt_rRNA;1/1;n.366dupA;;;;;;INFO_REALIGN_3_PRIME;no
MT;1487;T;TA;T>TA;TA;non_coding_transcript_exon_variant;MODIFIER;mt-Rnr2;ENSMUSG00000064339;transcript;ENSMUST00000082390.1;Mt_rRNA;1/1;n.401dupA;;;;;;INFO_REALIGN_3_PRIME;no
MT;1487;T;TAA;T>TAA;TAA;non_coding_transcript_exon_variant;MODIFIER;mt-Rnr2;ENSMUSG00000064339;transcript;ENSMUST00000082390.1;Mt_rRNA;1/1;n.400_401dupAA;;;;;;INFO_REALIGN_3_PRIME;no
MT;1788;G;A;G>A;A;non_coding_transcript_exon_variant;MODIFIER;mt-Rnr2;ENSMUSG00000064339;transcript;ENSMUST00000082390.1;Mt_rRNA;1/1;n.695G>A;;;;;;;no
MT;1794;C;A;C>A;A;non_coding_transcript_exon_variant;MODIFIER;mt-Rnr2;ENSMUSG00000064339;transcript;ENSMUST00000082390.1;Mt_rRNA;1/1;n.701C>A;;;;;;;no
MT;1797;T;G;T>G;G;non_coding_transcript_exon_variant;MODIFIER;mt-Rnr2;ENSMUSG00000064339;transcript;ENSMUST00000082390.1;Mt_rRNA;1/1;n.704T>G;;;;;;;no
MT;1800;T;TATCCG;T>TATCCG;TATCCG;non_coding_transcript_exon_variant;MODIFIER;mt-Rnr2;ENSMUSG00000064339;transcript;ENSMUST00000082390.1;Mt_rRNA;1/1;n.708_709insTCCGA;;;;;;INFO_REALIGN_3_PRIME;no
MT;1830;C;T;C>T;T;non_coding_transcript_exon_variant;MODIFIER;mt-Rnr2;ENSMUSG00000064339;transcript;ENSMUST00000082390.1;Mt_rRNA;1/1;n.737C>T;;;;;;;no
MT;1893;C;A;C>A;A;non_coding_transcript_exon_variant;MODIFIER;mt-Rnr2;ENSMUSG00000064339;transcript;ENSMUST00000082390.1;Mt_rRNA;1/1;n.800C>A;;;;;;;no
MT;1893;C;CA;C>CA;CA;non_coding_transcript_exon_variant;MODIFIER;mt-Rnr2;ENSMUSG00000064339;transcript;ENSMUST00000082390.1;Mt_rRNA;1/1;n.805dupA;;;;;;INFO_REALIGN_3_PRIME;no
MT;1955;A;AATACTTGTAAT;A>AATACTTGTAAT;AATACTTGTAAT;non_coding_transcript_exon_variant;MODIFIER;mt-Rnr2;ENSMUSG00000064339;transcript;ENSMUST00000082390.1;Mt_rRNA;1/1;n.862_863insATACTTGTAAT;;;;;;;no
MT;2219;C;CA;C>CA;CA;non_coding_transcript_exon_variant;MODIFIER;mt-Rnr2;ENSMUSG00000064339;transcript;ENSMUST00000082390.1;Mt_rRNA;1/1;n.1131dupA;;;;;;INFO_REALIGN_3_PRIME;no
MT;2253;G;A;G>A;A;non_coding_transcript_exon_variant;MODIFIER;mt-Rnr2;ENSMUSG00000064339;transcript;ENSMUST00000082390.1;Mt_rRNA;1/1;n.1160G>A;;;;;;;no
MT;2269;T;TA;T>TA;TA;non_coding_transcript_exon_variant;MODIFIER;mt-Rnr2;ENSMUSG00000064339;transcript;ENSMUST00000082390.1;Mt_rRNA;1/1;n.1182dupA;;;;;;INFO_REALIGN_3_PRIME;no
MT;2503;G;A;G>A;A;non_coding_transcript_exon_variant;MODIFIER;mt-Rnr2;ENSMUSG00000064339;transcript;ENSMUST00000082390.1;Mt_rRNA;1/1;n.1410G>A;;;;;;;no
MT;2520;C;CT;C>CT;CT;non_coding_transcript_exon_variant;MODIFIER;mt-Rnr2;ENSMUSG00000064339;transcript;ENSMUST00000082390.1;Mt_rRNA;1/1;n.1427_1428insT;;;;;;;no
MT;2523;A;ATT;A>ATT;ATT;non_coding_transcript_exon_variant;MODIFIER;mt-Rnr2;ENSMUSG00000064339;transcript;ENSMUST00000082390.1;Mt_rRNA;1/1;n.1430_1431insTT;;;;;;;no
MT;2524;G;GCTCCTGTCTGAA;G>GCTCCTGTCTGAA;GCTCCTGTCTGAA;non_coding_transcript_exon_variant;MODIFIER;mt-Rnr2;ENSMUSG00000064339;transcript;ENSMUST00000082390.1;Mt_rRNA;1/1;n.1432_1433insTCCTGTCTGAAC;;;;;;INFO_REALIGN_3_PRIME;no
MT;2549;T;TTCTCTTGTCCTTTCG;T>TTCTCTTGTCCTTTCG;TTCTCTTGTCCTTTCG;non_coding_transcript_exon_variant;MODIFIER;mt-Rnr2;ENSMUSG00000064339;transcript;ENSMUST00000082390.1;Mt_rRNA;1/1;n.1457_1458insCTCTTGTCCTTTCGT;;;;;;INFO_REALIGN_3_PRIME;no
MT;2552;C;CTGGGAGAAATCGTAAATAGATAGAAACCGACCTG;C>CTGGGAGAAATCGTAAATAGATAGAAACCGACCTG;CTGGGAGAAATCGTAAATAGATAGAAACCGACCTG;non_coding_transcript_exon_variant;MODIFIER;mt-Rnr2;ENSMUSG00000064339;transcript;ENSMUST00000082390.1;Mt_rRNA;1/1;n.1459_1460insTGGGAGAAATCGTAAATAGATAGAAACCGACCTG;;;;;;;no
MT;2560;C;CTTGT;C>CTTGT;CTTGT;non_coding_transcript_exon_variant;MODIFIER;mt-Rnr2;ENSMUSG00000064339;transcript;ENSMUST00000082390.1;Mt_rRNA;1/1;n.1467_1468insTTGT;;;;;;;no
MT;2561;C;CCTTTCGTACTGGGAGAAATCGTAAATAGATAGAAACCGACCTGGATTGCTCCGGTCTGAACT;C>CCTTTCGTACTGGGAGAAATCGTAAATAGATAGAAACCGACCTGGATTGCTCCGGTCTGAACT;CCTTTCGTACTGGGAGAAATCGTAAATAGATAGAAACCGACCTGGATTGCTCCGGTCTGAACT;non_coding_transcript_exon_variant;MODIFIER;mt-Rnr2;ENSMUSG00000064339;transcript;ENSMUST00000082390.1;Mt_rRNA;1/1;n.1469_1470insTTTCGTACTGGGAGAAATCGTAAATAGATAGAAACCGACCTGGATTGCTCCGGTCTGAACTC;;;;;;INFO_REALIGN_3_PRIME;no
MT;2642;A;ATATATACGTACACCCTAATAACCTTCTCTAGGTTAGAGGGTGTACGTATATATTTTATTTAGATTTTATTCATAAAT;A>ATATATACGTACACCCTAATAACCTTCTCTAGGTTAGAGGGTGTACGTATATATTTTATTTAGATTTTATTCATAAAT;ATATATACGTACACCCTAATAACCTTCTCTAGGTTAGAGGGTGTACGTATATATTTTATTTAGATTTTATTCATAAAT;non_coding_transcript_exon_variant;MODIFIER;mt-Rnr2;ENSMUSG00000064339;transcript;ENSMUST00000082390.1;Mt_rRNA;1/1;n.1565_1566insAATAACCTTCTCTAGGTTAGAGGGTGTACGTATATATTTTATTTAGATTTTATTCATAAATTATATACGTACACCCT;;;;;;INFO_REALIGN_3_PRIME;no
MT;2649;C;T;C>T;T;non_coding_transcript_exon_variant;MODIFIER;mt-Rnr2;ENSMUSG00000064339;transcript;ENSMUST00000082390.1;Mt_rRNA;1/1;n.1556C>T;;;;;;;no
MT;2695;G;A;G>A;A;non_coding_transcript_exon_variant;MODIFIER;mt-Tl1;ENSMUSG00000064340;transcript;ENSMUST00000082391.1;Mt_tRNA;1/1;n.20G>A;;;;;;;no
MT;3087;GT;G;GT>G;G;frameshift_variant;HIGH;mt-Nd1;ENSMUSG00000064341;transcript;ENSMUST00000082392.1;protein_coding;1/1;c.340delT;p.Tyr114fs;340/957;340/957;114/318;;INFO_REALIGN_3_PRIME;lof
MT;3291;A;C;A>C;C;missense_variant;MODERATE;mt-Nd1;ENSMUSG00000064341;transcript;ENSMUST00000082392.1;protein_coding;1/1;c.541A>C;p.Met181Leu;541/957;541/957;181/318;;;no
MT;3336;G;GC;G>GC;GC;frameshift_variant;HIGH;mt-Nd1;ENSMUSG00000064341;transcript;ENSMUST00000082392.1;protein_coding;1/1;c.591dupC;p.Phe198fs;592/957;592/957;198/318;;INFO_REALIGN_3_PRIME;lof
MT;3336;G;GCC;G>GCC;GCC;frameshift_variant;HIGH;mt-Nd1;ENSMUSG00000064341;transcript;ENSMUST00000082392.1;protein_coding;1/1;c.590_591dupCC;p.Phe198fs;592/957;592/957;198/318;;INFO_REALIGN_3_PRIME;lof
MT;3342;TT;CC;TT>CC;CC;missense_variant;MODERATE;mt-Nd1;ENSMUSG00000064341;transcript;ENSMUST00000082392.1;protein_coding;1/1;c.592_593delTTinsCC;p.Phe198Pro;592/957;592/957;198/318;;;no
MT;3619;G;GA;G>GA;GA;frameshift_variant;HIGH;mt-Nd1;ENSMUSG00000064341;transcript;ENSMUST00000082392.1;protein_coding;1/1;c.875dupA;p.Asn292fs;876/957;876/957;292/318;;INFO_REALIGN_3_PRIME;lof
MT;3668;T;TATATGTATGGTGGTACTCCCGCTGTAAAAATTGG;T>TATATGTATGGTGGTACTCCCGCTGTAAAAATTGG;TATATGTATGGTGGTACTCCCGCTGTAAAAATTGG;frameshift_variant&stop_gained;HIGH;mt-Nd1;ENSMUSG00000064341;transcript;ENSMUST00000082392.1;protein_coding;1/1;c.918_919insATATGTATGGTGGTACTCCCGCTGTAAAAATTGG;p.Leu307fs;919/957;919/957;307/318;;;no
MT;3675;A;AT;A>AT;AT;frameshift_variant;HIGH;mt-Nd1;ENSMUSG00000064341;transcript;ENSMUST00000082392.1;protein_coding;1/1;c.930dupT;p.Thr311fs;931/957;931/957;311/318;;INFO_REALIGN_3_PRIME;no
MT;3982;C;CACCAACCTAATACTAATATGAGTAGGCTGAATTCCAGGCCTACTCATATTAGTATTAGGTTGGTGCTGGATATTGTGATTACAGG;C>CACCAACCTAATACTAATATGAGTAGGCTGAATTCCAGGCCTACTCATATTAGTATTAGGTTGGTGCTGGATATTGTGATTACAGG;CACCAACCTAATACTAATATGAGTAGGCTGAATTCCAGGCCTACTCATATTAGTATTAGGTTGGTGCTGGATATTGTGATTACAGG;frameshift_variant&stop_gained;HIGH;mt-Nd2;ENSMUSG00000064345;transcript;ENSMUST00000082396.1;protein_coding;1/1;c.96_97insTGAATTCCAGGCCTACTCATATTAGTATTAGGTTGGTGCTGGATATTGTGATTACAGGACCAACCTAATACTAATATGAGTAGGC;p.Leu33fs;97/1038;97/1038;33/345;;INFO_REALIGN_3_PRIME;lof
MT;3986;A;AACCTAATACTAATATGAGTAGGCTGAATTCCAGGCCTACTCATATTAGTATTAGGTTGGTGCTGGATATTGTGATTACAGGACCT;A>AACCTAATACTAATATGAGTAGGCTGAATTCCAGGCCTACTCATATTAGTATTAGGTTGGTGCTGGATATTGTGATTACAGGACCT;AACCTAATACTAATATGAGTAGGCTGAATTCCAGGCCTACTCATATTAGTATTAGGTTGGTGCTGGATATTGTGATTACAGGACCT;frameshift_variant&stop_gained;HIGH;mt-Nd2;ENSMUSG00000064345;transcript;ENSMUST00000082396.1;protein_coding;1/1;c.96_97insTGAATTCCAGGCCTACTCATATTAGTATTAGGTTGGTGCTGGATATTGTGATTACAGGACCTACCTAATACTAATATGAGTAGGC;p.Leu33fs;97/1038;97/1038;33/345;;INFO_REALIGN_3_PRIME;lof
MT;4051;C;CA;C>CA;CA;frameshift_variant;HIGH;mt-Nd2;ENSMUSG00000064345;transcript;ENSMUST00000082396.1;protein_coding;1/1;c.146dupA;p.Asn49fs;147/1038;147/1038;49/345;;INFO_REALIGN_3_PRIME;lof
MT;4051;C;CAA;C>CAA;CAA;frameshift_variant;HIGH;mt-Nd2;ENSMUSG00000064345;transcript;ENSMUST00000082396.1;protein_coding;1/1;c.145_146dupAA;p.Asn49fs;147/1038;147/1038;49/345;;INFO_REALIGN_3_PRIME;lof
MT;4051;C;CAAA;C>CAAA;CAAA;disruptive_inframe_insertion;MODERATE;mt-Nd2;ENSMUSG00000064345;transcript;ENSMUST00000082396.1;protein_coding;1/1;c.144_146dupAAA;p.Lys48dup;147/1038;147/1038;49/345;;INFO_REALIGN_3_PRIME;no
MT;4100;C;T;C>T;T;stop_gained;HIGH;mt-Nd2;ENSMUSG00000064345;transcript;ENSMUST00000082396.1;protein_coding;1/1;c.187C>T;p.Gln63*;187/1038;187/1038;63/345;;;no
MT;4101;A;T;A>T;T;missense_variant;MODERATE;mt-Nd2;ENSMUSG00000064345;transcript;ENSMUST00000082396.1;protein_coding;1/1;c.188A>T;p.Gln63Leu;188/1038;188/1038;63/345;;;no
MT;4111;CT;C;CT>C;C;frameshift_variant;HIGH;mt-Nd2;ENSMUSG00000064345;transcript;ENSMUST00000082396.1;protein_coding;1/1;c.199delT;p.Ser67fs;199/1038;199/1038;67/345;;;lof
MT;4238;G;A;G>A;A;missense_variant;MODERATE;mt-Nd2;ENSMUSG00000064345;transcript;ENSMUST00000082396.1;protein_coding;1/1;c.325G>A;p.Ala109Thr;325/1038;325/1038;109/345;;;no
MT;4255;A;G;A>G;G;synonymous_variant;LOW;mt-Nd2;ENSMUSG00000064345;transcript;ENSMUST00000082396.1;protein_coding;1/1;c.342A>G;p.Trp114Trp;342/1038;342/1038;114/345;;;no
MT;4257;T;A;T>A;A;stop_gained;HIGH;mt-Nd2;ENSMUSG00000064345;transcript;ENSMUST00000082396.1;protein_coding;1/1;c.344T>A;p.Leu115*;344/1038;344/1038;115/345;;;no
MT;4259;C;T;C>T;T;missense_variant;MODERATE;mt-Nd2;ENSMUSG00000064345;transcript;ENSMUST00000082396.1;protein_coding;1/1;c.346C>T;p.Pro116Ser;346/1038;346/1038;116/345;;;no
MT;4266;T;TGGAATGGGGCGAGGCCTAGTTTTATGG;T>TGGAATGGGGCGAGGCCTAGTTTTATGG;TGGAATGGGGCGAGGCCTAGTTTTATGG;stop_gained&disruptive_inframe_insertion;HIGH;mt-Nd2;ENSMUSG00000064345;transcript;ENSMUST00000082396.1;protein_coding;1/1;c.353_354insGGAATGGGGCGAGGCCTAGTTTTATGG;p.Val118_Thr119insGluTrpGlyGluAlaTerPheTyrGly;354/1038;354/1038;118/345;;;no
MT;4866;C;CA;C>CA;CA;frameshift_variant;HIGH;mt-Nd2;ENSMUSG00000064345;transcript;ENSMUST00000082396.1;protein_coding;1/1;c.958dupA;p.Thr320fs;959/1038;959/1038;320/345;;INFO_REALIGN_3_PRIME;lof
MT;4931;G;GC;G>GC;GC;frameshift_variant;HIGH;mt-Nd2;ENSMUSG00000064345;transcript;ENSMUST00000082396.1;protein_coding;1/1;c.1024dupC;p.Gln342fs;1025/1038;1025/1038;342/345;;INFO_REALIGN_3_PRIME;no
MT;4931;G;GCC;G>GCC;GCC;frameshift_variant;HIGH;mt-Nd2;ENSMUSG00000064345;transcript;ENSMUST00000082396.1;protein_coding;1/1;c.1023_1024dupCC;p.Gln342fs;1025/1038;1025/1038;342/345;;INFO_REALIGN_3_PRIME;no
MT;4938;AA;CC;AA>CC;CC;missense_variant;MODERATE;mt-Nd2;ENSMUSG00000064345;transcript;ENSMUST00000082396.1;protein_coding;1/1;c.1025_1026delAAinsCC;p.Gln342Pro;1025/1038;1025/1038;342/345;;;no
MT;4941;T;A;T>A;A;missense_variant;MODERATE;mt-Nd2;ENSMUSG00000064345;transcript;ENSMUST00000082396.1;protein_coding;1/1;c.1028T>A;p.Leu343Gln;1028/1038;1028/1038;343/345;;;no
MT;4979;CT;C;CT>C;C;non_coding_transcript_exon_variant;MODIFIER;mt-Tw;ENSMUSG00000064346;transcript;ENSMUST00000082397.1;Mt_tRNA;1/1;n.32delT;;;;;;INFO_REALIGN_3_PRIME;no
MT;5114;G;A;G>A;A;non_coding_transcript_exon_variant;MODIFIER;mt-Tn;ENSMUSG00000064348;transcript;ENSMUST00000082399.1;Mt_tRNA;1/1;n.46C>T;;;;;;;no
MT;5170;CGAAAAAAAAAA;C;CGAAAAAAAAAA>C;C;intergenic_region;MODIFIER;mt-Tn-mt-Tc;ENSMUSG00000064348-ENSMUSG00000064349;intergenic_region;ENSMUSG00000064348-ENSMUSG00000064349;;;n.5171_5181delGAAAAAAAAAA;;;;;;;no
MT;5171;G;A;G>A;A;intergenic_region;MODIFIER;mt-Tn-mt-Tc;ENSMUSG00000064348-ENSMUSG00000064349;intergenic_region;ENSMUSG00000064348-ENSMUSG00000064349;;;n.5171G>A;;;;;;;no
MT;5171;G;GA;G>GA;GA;intergenic_region;MODIFIER;mt-Tn-mt-Tc;ENSMUSG00000064348-ENSMUSG00000064349;intergenic_region;ENSMUSG00000064348-ENSMUSG00000064349;;;n.5171_5172insA;;;;;;;no
MT;5171;G;GAA;G>GAA;GAA;intergenic_region;MODIFIER;mt-Tn-mt-Tc;ENSMUSG00000064348-ENSMUSG00000064349;intergenic_region;ENSMUSG00000064348-ENSMUSG00000064349;;;n.5171_5172insAA;;;;;;;no
MT;5171;GA;G;GA>G;G;intergenic_region;MODIFIER;mt-Tn-mt-Tc;ENSMUSG00000064348-ENSMUSG00000064349;intergenic_region;ENSMUSG00000064348-ENSMUSG00000064349;;;n.5172delA;;;;;;;no
MT;5171;GAA;G;GAA>G;G;intergenic_region;MODIFIER;mt-Tn-mt-Tc;ENSMUSG00000064348-ENSMUSG00000064349;intergenic_region;ENSMUSG00000064348-ENSMUSG00000064349;;;n.5172_5173delAA;;;;;;;no
MT;5183;T;TTTTTTTTTTTC;T>TTTTTTTTTTTC;TTTTTTTTTTTC;intergenic_region;MODIFIER;mt-Tn-mt-Tc;ENSMUSG00000064348-ENSMUSG00000064349;intergenic_region;ENSMUSG00000064348-ENSMUSG00000064349;;;n.5183_5184insTTTTTTTTTTC;;;;;;;no
MT;5357;C;CAATCACAAAGATATCGGAACCCTCTATCCACTATTCCCGCTCAGGCTCCGAATAGTAGATAGAGGGTTCCGATATCTTTGTGATTGGTTGAGAATAATCAACG;C>CAATCACAAAGATATCGGAACCCTCTATCCACTATTCCCGCTCAGGCTCCGAATAGTAGATAGAGGGTTCCGATATCTTTGTGATTGGTTGAGAATAATCAACG;CAATCACAAAGATATCGGAACCCTCTATCCACTATTCCCGCTCAGGCTCCGAATAGTAGATAGAGGGTTCCGATATCTTTGTGATTGGTTGAGAATAATCAACG;frameshift_variant&stop_gained;HIGH;mt-Co1;ENSMUSG00000064351;transcript;ENSMUST00000082402.1;protein_coding;1/1;c.58_59insCACTATTCCCGCTCAGGCTCCGAATAGTAGATAGAGGGTTCCGATATCTTTGTGATTGGTTGAGAATAATCAACGAATCACAAAGATATCGGAACCCTCTATC;p.Leu20fs;59/1545;59/1545;20/514;;INFO_REALIGN_3_PRIME;no
MT;5357;C;CAATCACAAAGATATCGGAACCCTCTATCTACTATTCCCGCTCAGGCTCCGAATAGTAGATAGAGGGTTCCGATATCTTTGTGATTGGTTGAGAATAATCAACG;C>CAATCACAAAGATATCGGAACCCTCTATCTACTATTCCCGCTCAGGCTCCGAATAGTAGATAGAGGGTTCCGATATCTTTGTGATTGGTTGAGAATAATCAACG;CAATCACAAAGATATCGGAACCCTCTATCTACTATTCCCGCTCAGGCTCCGAATAGTAGATAGAGGGTTCCGATATCTTTGTGATTGGTTGAGAATAATCAACG;frameshift_variant&stop_gained;HIGH;mt-Co1;ENSMUSG00000064351;transcript;ENSMUST00000082402.1;protein_coding;1/1;c.66_67insCCGCTCAGGCTCCGAATAGTAGATAGAGGGTTCCGATATCTTTGTGATTGGTTGAGAATAATCAACGAATCACAAAGATATCGGAACCCTCTATCTACTATTC;p.Gly23fs;67/1545;67/1545;23/514;;INFO_REALIGN_3_PRIME;no
MT;5399;CT;C;CT>C;C;frameshift_variant;HIGH;mt-Co1;ENSMUSG00000064351;transcript;ENSMUST00000082402.1;protein_coding;1/1;c.73delT;p.Trp25fs;73/1545;73/1545;25/514;;;no
MT;5437;T;TTCTGC;T>TTCTGC;TTCTGC;frameshift_variant;HIGH;mt-Co1;ENSMUSG00000064351;transcript;ENSMUST00000082402.1;protein_coding;1/1;c.112_113insTGCTC;p.Arg38fs;113/1545;113/1545;38/514;;INFO_REALIGN_3_PRIME;lof
MT;5441;A;AATTAAAATACTTAGT;A>AATTAAAATACTTAGT;AATTAAAATACTTAGT;conservative_inframe_insertion;MODERATE;mt-Co1;ENSMUSG00000064351;transcript;ENSMUST00000082402.1;protein_coding;1/1;c.114_115insATTAAAATACTTAGT;p.Arg38_Ala39insIleLysMetLeuSer;115/1545;115/1545;39/514;;;no
MT;5445;G;GT;G>GT;GT;frameshift_variant;HIGH;mt-Co1;ENSMUSG00000064351;transcript;ENSMUST00000082402.1;protein_coding;1/1;c.118_119insT;p.Glu40fs;119/1545;119/1545;40/514;;;lof
MT;5446;A;ACCCACT;A>ACCCACT;ACCCACT;disruptive_inframe_insertion;MODERATE;mt-Co1;ENSMUSG00000064351;transcript;ENSMUST00000082402.1;protein_coding;1/1;c.119_120insCCCACT;p.Glu40delinsAspProLeu;120/1545;120/1545;40/514;;;no
MT;5449;T;TCC;T>TCC;TCC;frameshift_variant;HIGH;mt-Co1;ENSMUSG00000064351;transcript;ENSMUST00000082402.1;protein_coding;1/1;c.122_123insCC;p.Leu41fs;123/1545;123/1545;41/514;;;lof
MT;5450;A;C;A>C;C;missense_variant;MODERATE;mt-Co1;ENSMUSG00000064351;transcript;ENSMUST00000082402.1;protein_coding;1/1;c.123A>C;p.Leu41Phe;123/1545;123/1545;41/514;;;no
MT;5452;G;C;G>C;C;missense_variant;MODERATE;mt-Co1;ENSMUSG00000064351;transcript;ENSMUST00000082402.1;protein_coding;1/1;c.125G>C;p.Gly42Ala;125/1545;125/1545;42/514;;;no
MT;5546;A;T;A>T;T;missense_variant;MODERATE;mt-Co1;ENSMUSG00000064351;transcript;ENSMUST00000082402.1;protein_coding;1/1;c.219A>T;p.Met73Ile;219/1545;219/1545;73/514;;;no
MT;5549;A;C;A>C;C;missense_variant;MODERATE;mt-Co1;ENSMUSG00000064351;transcript;ENSMUST00000082402.1;protein_coding;1/1;c.222A>C;p.Met74Ile;222/1545;222/1545;74/514;;;no
MT;5788;GA;G;GA>G;G;frameshift_variant;HIGH;mt-Co1;ENSMUSG00000064351;transcript;ENSMUST00000082402.1;protein_coding;1/1;c.462delA;p.Val155fs;462/1545;462/1545;154/514;;;lof
MT;5792;G;T;G>T;T;synonymous_variant;LOW;mt-Co1;ENSMUSG00000064351;transcript;ENSMUST00000082402.1;protein_coding;1/1;c.465G>T;p.Val155Val;465/1545;465/1545;155/514;;;no
MT;5801;TT;AA;TT>AA;AA;missense_variant;MODERATE;mt-Co1;ENSMUSG00000064351;transcript;ENSMUST00000082402.1;protein_coding;1/1;c.474_475delTTinsAA;p.IleLeu158MetMet;474/1545;474/1545;158/514;;;no
MT;5804;A;AGT;A>AGT;AGT;frameshift_variant;HIGH;mt-Co1;ENSMUSG00000064351;transcript;ENSMUST00000082402.1;protein_coding;1/1;c.478_479insTG;p.Gly160fs;479/1545;479/1545;160/514;;INFO_REALIGN_3_PRIME;lof
MT;5807;TGC;T;TGC>T;T;frameshift_variant;HIGH;mt-Co1;ENSMUSG00000064351;transcript;ENSMUST00000082402.1;protein_coding;1/1;c.481_482delGC;p.Ala161fs;481/1545;481/1545;161/514;;;lof
MT;5816;T;TG;T>TG;TG;frameshift_variant;HIGH;mt-Co1;ENSMUSG00000064351;transcript;ENSMUST00000082402.1;protein_coding;1/1;c.489_490insG;p.Phe164fs;490/1545;490/1545;164/514;;;lof
MT;5819;T;A;T>A;A;missense_variant;MODERATE;mt-Co1;ENSMUSG00000064351;transcript;ENSMUST00000082402.1;protein_coding;1/1;c.492T>A;p.Phe164Leu;492/1545;492/1545;164/514;;;no
MT;5822;T;TGC;T>TGC;TGC;frameshift_variant;HIGH;mt-Co1;ENSMUSG00000064351;transcript;ENSMUST00000082402.1;protein_coding;1/1;c.495_496insGC;p.Thr166fs;496/1545;496/1545;166/514;;;lof
MT;5824;CCA;C;CCA>C;C;frameshift_variant;HIGH;mt-Co1;ENSMUSG00000064351;transcript;ENSMUST00000082402.1;protein_coding;1/1;c.499_500delAC;p.Thr167fs;499/1545;499/1545;167/514;;INFO_REALIGN_3_PRIME;lof
MT;5827;C;A;C>A;A;missense_variant;MODERATE;mt-Co1;ENSMUSG00000064351;transcript;ENSMUST00000082402.1;protein_coding;1/1;c.500C>A;p.Thr167Asn;500/1545;500/1545;167/514;;;no
MT;5829;A;AG;A>AG;AG;frameshift_variant;HIGH;mt-Co1;ENSMUSG00000064351;transcript;ENSMUST00000082402.1;protein_coding;1/1;c.502_503insG;p.Ile168fs;503/1545;503/1545;168/514;;;lof
MT;5830;T;TGG;T>TGG;TGG;frameshift_variant;HIGH;mt-Co1;ENSMUSG00000064351;transcript;ENSMUST00000082402.1;protein_coding;1/1;c.503_504insGG;p.Ile168fs;504/1545;504/1545;168/514;;;lof
MT;5830;TT;AA;TT>AA;AA;missense_variant;MODERATE;mt-Co1;ENSMUSG00000064351;transcript;ENSMUST00000082402.1;protein_coding;1/1;c.503_504delTTinsAA;p.Ile168Lys;503/1545;503/1545;168/514;;;no
MT;5832;ATCAACATGAAACCCCCAGCC;A;ATCAACATGAAACCCCCAGCC>A;A;frameshift_variant;HIGH;mt-Co1;ENSMUSG00000064351;transcript;ENSMUST00000082402.1;protein_coding;1/1;c.506_525delTCAACATGAAACCCCCAGCC;p.Ile169fs;506/1545;506/1545;169/514;;;lof
MT;5833;TCA;T;TCA>T;T;frameshift_variant;HIGH;mt-Co1;ENSMUSG00000064351;transcript;ENSMUST00000082402.1;protein_coding;1/1;c.507_508delCA;p.Ile169fs;507/1545;507/1545;169/514;;;lof
MT;5837;C;G;C>G;G;missense_variant;MODERATE;mt-Co1;ENSMUSG00000064351;transcript;ENSMUST00000082402.1;protein_coding;1/1;c.510C>G;p.Asn170Lys;510/1545;510/1545;170/514;;;no
MT;5840;GA;G;GA>G;G;frameshift_variant;HIGH;mt-Co1;ENSMUSG00000064351;transcript;ENSMUST00000082402.1;protein_coding;1/1;c.516delA;p.Lys172fs;516/1545;516/1545;172/514;;INFO_REALIGN_3_PRIME;lof
MT;5842;A;C;A>C;C;missense_variant;MODERATE;mt-Co1;ENSMUSG00000064351;transcript;ENSMUST00000082402.1;protein_coding;1/1;c.515A>C;p.Lys172Thr;515/1545;515/1545;172/514;;;no
MT;5843;A;AC;A>AC;AC;frameshift_variant;HIGH;mt-Co1;ENSMUSG00000064351;transcript;ENSMUST00000082402.1;protein_coding;1/1;c.521dupC;p.Ala175fs;522/1545;522/1545;174/514;;INFO_REALIGN_3_PRIME;lof
MT;5843;AC;A;AC>A;A;frameshift_variant;HIGH;mt-Co1;ENSMUSG00000064351;transcript;ENSMUST00000082402.1;protein_coding;1/1;c.521delC;p.Pro174fs;521/1545;521/1545;174/514;;INFO_REALIGN_3_PRIME;lof
MT;5846;C;T;C>T;T;synonymous_variant;LOW;mt-Co1;ENSMUSG00000064351;transcript;ENSMUST00000082402.1;protein_coding;1/1;c.519C>T;p.Pro173Pro;519/1545;519/1545;173/514;;;no
MT;5848;C;CGGCATCAAT;C>CGGCATCAAT;CGGCATCAAT;disruptive_inframe_insertion;MODERATE;mt-Co1;ENSMUSG00000064351;transcript;ENSMUST00000082402.1;protein_coding;1/1;c.521_522insGGCATCAAT;p.Pro174_Ala175insAlaSerMet;522/1545;522/1545;174/514;;;no
MT;5852;C;T;C>T;T;synonymous_variant;LOW;mt-Co1;ENSMUSG00000064351;transcript;ENSMUST00000082402.1;protein_coding;1/1;c.525C>T;p.Ala175Ala;525/1545;525/1545;175/514;;;no
MT;5854;T;A;T>A;A;missense_variant;MODERATE;mt-Co1;ENSMUSG00000064351;transcript;ENSMUST00000082402.1;protein_coding;1/1;c.527T>A;p.Met176Lys;527/1545;527/1545;176/514;;;no
MT;6001;G;GTTTCATGTTGATAATAGTGGTAATAAAATTAATTGCACCTAAAAT;G>GTTTCATGTTGATAATAGTGGTAATAAAATTAATTGCACCTAAAAT;GTTTCATGTTGATAATAGTGGTAATAAAATTAATTGCACCTAAAAT;disruptive_inframe_insertion;MODERATE;mt-Co1;ENSMUSG00000064351;transcript;ENSMUST00000082402.1;protein_coding;1/1;c.674_675insTTTCATGTTGATAATAGTGGTAATAAAATTAATTGCACCTAAAAT;p.Gly225_Gly226insPheMetLeuMetMetValValMetLysLeuIleAlaProLysMet;675/1545;675/1545;225/514;;;no
MT;6478;G;GAATC;G>GAATC;GAATC;frameshift_variant;HIGH;mt-Co1;ENSMUSG00000064351;transcript;ENSMUST00000082402.1;protein_coding;1/1;c.1152_1153insATCA;p.Ala385fs;1153/1545;1153/1545;385/514;;INFO_REALIGN_3_PRIME;lof
MT;6480;G;GTGAACAAATC;G>GTGAACAAATC;GTGAACAAATC;frameshift_variant;HIGH;mt-Co1;ENSMUSG00000064351;transcript;ENSMUST00000082402.1;protein_coding;1/1;c.1153_1154insTGAACAAATC;p.Ala385fs;1154/1545;1154/1545;385/514;;;lof
MT;6522;T;C;T>C;C;synonymous_variant;LOW;mt-Co1;ENSMUSG00000064351;transcript;ENSMUST00000082402.1;protein_coding;1/1;c.1195T>C;p.Leu399Leu;1195/1545;1195/1545;399/514;;;no
MT;6523;T;TG;T>TG;TG;frameshift_variant;HIGH;mt-Co1;ENSMUSG00000064351;transcript;ENSMUST00000082402.1;protein_coding;1/1;c.1196_1197insG;p.Phe400fs;1197/1545;1197/1545;399/514;;;lof
MT;6525;T;A;T>A;A;missense_variant;MODERATE;mt-Co1;ENSMUSG00000064351;transcript;ENSMUST00000082402.1;protein_coding;1/1;c.1198T>A;p.Phe400Ile;1198/1545;1198/1545;400/514;;;no
MT;6526;T;TAGAACATAGTGGAAATGGGCTAC;T>TAGAACATAGTGGAAATGGGCTAC;TAGAACATAGTGGAAATGGGCTAC;frameshift_variant;HIGH;mt-Co1;ENSMUSG00000064351;transcript;ENSMUST00000082402.1;protein_coding;1/1;c.1199_1200insAGAACATAGTGGAAATGGGCTAC;p.Phe400fs;1200/1545;1200/1545;400/514;;;lof
MT;6528;T;A;T>A;A;missense_variant;MODERATE;mt-Co1;ENSMUSG00000064351;transcript;ENSMUST00000082402.1;protein_coding;1/1;c.1201T>A;p.Ser401Thr;1201/1545;1201/1545;401/514;;;no
MT;6889;A;AC;A>AC;AC;non_coding_transcript_exon_variant;MODIFIER;mt-Ts1;ENSMUSG00000064352;transcript;ENSMUST00000082403.1;Mt_tRNA;1/1;n.49dupG;;;;;;;no
MT;6895;T;C;T>C;C;non_coding_transcript_exon_variant;MODIFIER;mt-Ts1;ENSMUSG00000064352;transcript;ENSMUST00000082403.1;Mt_tRNA;1/1;n.44A>G;;;;;;;no
MT;6926;A;AATATCT;A>AATATCT;AATATCT;non_coding_transcript_exon_variant;MODIFIER;mt-Ts1;ENSMUSG00000064352;transcript;ENSMUST00000082403.1;Mt_tRNA;1/1;n.12_13insAGATAT;;;;;;;no
MT;6974;T;A;T>A;A;non_coding_transcript_exon_variant;MODIFIER;mt-Td;ENSMUSG00000064353;transcript;ENSMUST00000082404.1;Mt_tRNA;1/1;n.33T>A;;;;;;;no
MT;6982;A;ATGTAACTG;A>ATGTAACTG;ATGTAACTG;non_coding_transcript_exon_variant;MODIFIER;mt-Td;ENSMUSG00000064353;transcript;ENSMUST00000082404.1;Mt_tRNA;1/1;n.41_42insTGTAACTG;;;;;;;no
MT;7608;T;TA;T>TA;TA;frameshift_variant;HIGH;mt-Co2;ENSMUSG00000064354;transcript;ENSMUST00000082405.1;protein_coding;1/1;c.596_597insA;p.Ile199fs;597/684;597/684;199/227;;;lof
MT;8153;T;TA;T>TA;TA;frameshift_variant;HIGH;mt-Atp6;ENSMUSG00000064357;transcript;ENSMUST00000082408.1;protein_coding;1/1;c.227_228insA;p.Ile76fs;228/681;228/681;76/226;;;lof
MT;8154;C;A;C>A;A;missense_variant;MODERATE;mt-Atp6;ENSMUSG00000064357;transcript;ENSMUST00000082408.1;protein_coding;1/1;c.228C>A;p.Ile76Met;228/681;228/681;76/226;;;no
MT;8158;T;TGA;T>TGA;TGA;frameshift_variant;HIGH;mt-Atp6;ENSMUSG00000064357;transcript;ENSMUST00000082408.1;protein_coding;1/1;c.232_233insGA;p.Phe78fs;233/681;233/681;78/226;;;lof
MT;8161;AT;A;AT>A;A;frameshift_variant;HIGH;mt-Atp6;ENSMUSG00000064357;transcript;ENSMUST00000082408.1;protein_coding;1/1;c.237delT;p.Ile79fs;237/681;237/681;79/226;;INFO_REALIGN_3_PRIME;lof
MT;8163;T;G;T>G;G;missense_variant;MODERATE;mt-Atp6;ENSMUSG00000064357;transcript;ENSMUST00000082408.1;protein_coding;1/1;c.237T>G;p.Ile79Met;237/681;237/681;79/226;;;no
MT;8166;ATC;A;ATC>A;A;frameshift_variant;HIGH;mt-Atp6;ENSMUSG00000064357;transcript;ENSMUST00000082408.1;protein_coding;1/1;c.241_242delTC;p.Ser81fs;241/681;241/681;81/226;;;lof
MT;9370;C;CCATTTATTGATGAGGATCTTACTCCCTTATACTAAGGGAGTAAGATCCTCATCAATAAATGGAGACGTATAGGAAAAGTCAGACTACGTCTA;C>CCATTTATTGATGAGGATCTTACTCCCTTATACTAAGGGAGTAAGATCCTCATCAATAAATGGAGACGTATAGGAAAAGTCAGACTACGTCTA;CCATTTATTGATGAGGATCTTACTCCCTTATACTAAGGGAGTAAGATCCTCATCAATAAATGGAGACGTATAGGAAAAGTCAGACTACGTCTA;frameshift_variant&stop_gained;HIGH;mt-Co3;ENSMUSG00000064358;transcript;ENSMUST00000082409.1;protein_coding;1/1;c.507_508insACTCCCTTATACTAAGGGAGTAAGATCCTCATCAATAAATGGAGACGTATAGGAAAAGTCAGACTACGTCTACATTTATTGATGAGGATCTT;p.Gly170fs;508/784;508/784;170/260;;WARNING_TRANSCRIPT_INCOMPLETE&INFO_REALIGN_3_PRIME;lof
MT;9428;A;ACTCTCTTCTGG;A>ACTCTCTTCTGG;ACTCTCTTCTGG;non_coding_transcript_exon_variant;MODIFIER;mt-Tg;ENSMUSG00000064359;transcript;ENSMUST00000082410.1;Mt_tRNA;1/1;n.38_39insCTCTCTTCTGG;;;;;;;no
MT;9431;AG;TT;AG>TT;TT;non_coding_transcript_exon_variant;MODIFIER;mt-Tg;ENSMUSG00000064359;transcript;ENSMUST00000082410.1;Mt_tRNA;1/1;n.41_42delAGinsTT;;;;;;;no
MT;9437;T;A;T>A;A;non_coding_transcript_exon_variant;MODIFIER;mt-Tg;ENSMUSG00000064359;transcript;ENSMUST00000082410.1;Mt_tRNA;1/1;n.47T>A;;;;;;;no
MT;9440;A;ATC;A>ATC;ATC;non_coding_transcript_exon_variant;MODIFIER;mt-Tg;ENSMUSG00000064359;transcript;ENSMUST00000082410.1;Mt_tRNA;1/1;n.51_52insCT;;;;;;INFO_REALIGN_3_PRIME;no
MT;9442;A;ACTAATTGG;A>ACTAATTGG;ACTAATTGG;non_coding_transcript_exon_variant;MODIFIER;mt-Tg;ENSMUSG00000064359;transcript;ENSMUST00000082410.1;Mt_tRNA;1/1;n.52_53insCTAATTGG;;;;;;;no
MT;9445;CC;GT;CC>GT;GT;non_coding_transcript_exon_variant;MODIFIER;mt-Tg;ENSMUSG00000064359;transcript;ENSMUST00000082410.1;Mt_tRNA;1/1;n.55_56delCCinsGT;;;;;;;no
MT;9449;G;GTTATATTAATTATACT;G>GTTATATTAATTATACT;GTTATATTAATTATACT;non_coding_transcript_exon_variant;MODIFIER;mt-Tg;ENSMUSG00000064359;transcript;ENSMUST00000082410.1;Mt_tRNA;1/1;n.59_60insTTATATTAATTATACT;;;;;;;no
MT;9453;A;G;A>G;G;non_coding_transcript_exon_variant;MODIFIER;mt-Tg;ENSMUSG00000064359;transcript;ENSMUST00000082410.1;Mt_tRNA;1/1;n.63A>G;;;;;;;no
MT;9780;C;CA;C>CA;CA;frameshift_variant&stop_gained;HIGH;mt-Nd3;ENSMUSG00000064360;transcript;ENSMUST00000082411.1;protein_coding;1/1;c.327dupA;p.Gly110fs;328/348;328/348;110/115;;INFO_REALIGN_3_PRIME;lof
MT;9909;CT;C;CT>C;C;frameshift_variant;HIGH;mt-Nd4l;ENSMUSG00000065947;transcript;ENSMUST00000084013.1;protein_coding;1/1;c.35delT;p.Phe12fs;35/297;35/297;12/98;;INFO_REALIGN_3_PRIME;lof
MT;9974;T;TTCC;T>TTCC;TTCC;disruptive_inframe_insertion;MODERATE;mt-Nd4l;ENSMUSG00000065947;transcript;ENSMUST00000084013.1;protein_coding;1/1;c.98_99insTCC;p.Leu33_Glu34insPro;99/297;99/297;33/98;;;no
MT;9975;GGAA;G;GGAA>G;G;disruptive_inframe_deletion;MODERATE;mt-Nd4l;ENSMUSG00000065947;transcript;ENSMUST00000084013.1;protein_coding;1/1;c.101_103delAAG;p.Glu34del;101/297;101/297;34/98;;INFO_REALIGN_3_PRIME;no
MT;9988;T;A;T>A;A;missense_variant;MODERATE;mt-Nd4l;ENSMUSG00000065947;transcript;ENSMUST00000084013.1;protein_coding;1/1;c.112T>A;p.Leu38Met;112/297;112/297;38/98;;;no
MT;9990;A;G;A>G;G;synonymous_variant;LOW;mt-Nd4l;ENSMUSG00000065947;transcript;ENSMUST00000084013.1;protein_coding;1/1;c.114A>G;p.Leu38Leu;114/297;114/297;38/98;;;no
MT;10060;A;G;A>G;G;missense_variant;MODERATE;mt-Nd4l;ENSMUSG00000065947;transcript;ENSMUST00000084013.1;protein_coding;1/1;c.184A>G;p.Thr62Ala;184/297;184/297;62/98;;;no
MT;10079;C;CTGCTTCGCAGG;C>CTGCTTCGCAGG;CTGCTTCGCAGG;frameshift_variant;HIGH;mt-Nd4l;ENSMUSG00000065947;transcript;ENSMUST00000084013.1;protein_coding;1/1;c.203_204insTGCTTCGCAGG;p.Cys69fs;204/297;204/297;68/98;;;lof
MT;10079;C;G;C>G;G;missense_variant;MODERATE;mt-Nd4l;ENSMUSG00000065947;transcript;ENSMUST00000084013.1;protein_coding;1/1;c.203C>G;p.Ala68Gly;203/297;203/297;68/98;;;no
MT;10083;C;CTTCGCAGGCTGCGAAAACTAA;C>CTTCGCAGGCTGCGAAAACTAA;CTTCGCAGGCTGCGAAAACTAA;stop_gained&conservative_inframe_insertion;HIGH;mt-Nd4l;ENSMUSG00000065947;transcript;ENSMUST00000084013.1;protein_coding;1/1;c.207_208insTTCGCAGGCTGCGAAAACTAA;p.Cys69_Glu70insPheAlaGlyCysGluAsnTer;208/297;208/297;70/98;;;no
MT;10085;A;G;A>G;G;missense_variant;MODERATE;mt-Nd4l;ENSMUSG00000065947;transcript;ENSMUST00000084013.1;protein_coding;1/1;c.209A>G;p.Glu70Gly;209/297;209/297;70/98;;;no
MT;10086;A;AAACTAAGATTGT;A>AAACTAAGATTGT;AAACTAAGATTGT;stop_gained&conservative_inframe_insertion;HIGH;mt-Nd4l;ENSMUSG00000065947;transcript;ENSMUST00000084013.1;protein_coding;1/1;c.210_211insAACTAAGATTGT;p.Glu70_Ala71insAsnTerAspCys;211/297;211/297;71/98;;;no
MT;10158;CCTA;C;CCTA>C;C;disruptive_inframe_deletion;MODERATE;mt-Nd4l;ENSMUSG00000065947;transcript;ENSMUST00000084013.1;protein_coding;1/1;c.287_289delTAC;p.Leu96del;287/297;287/297;96/98;;INFO_REALIGN_3_PRIME;no
MT;10171;T;TA;T>TA;TA;frameshift_variant;HIGH;mt-Nd4;ENSMUSG00000064363;transcript;ENSMUST00000082414.1;protein_coding;1/1;c.10dupA;p.Ile4fs;11/1378;11/1378;4/458;;WARNING_TRANSCRIPT_INCOMPLETE&INFO_REALIGN_3_PRIME;no
MT;10171;T;TA;T>TA;TA;intragenic_variant;MODIFIER;mt-Nd4l;ENSMUSG00000065947;gene_variant;ENSMUSG00000065947;;;n.10176dupA;;;;;;;no
MT;10212;T;A;T>A;A;stop_gained;HIGH;mt-Nd4;ENSMUSG00000064363;transcript;ENSMUST00000082414.1;protein_coding;1/1;c.46T>A;p.Trp16*;46/1378;46/1378;16/458;;WARNING_TRANSCRIPT_INCOMPLETE;no
MT;10226;T;TA;T>TA;TA;frameshift_variant;HIGH;mt-Nd4;ENSMUSG00000064363;transcript;ENSMUST00000082414.1;protein_coding;1/1;c.67dupA;p.Thr23fs;68/1378;68/1378;23/458;;WARNING_TRANSCRIPT_INCOMPLETE&INFO_REALIGN_3_PRIME;no
MT;10226;T;TAA;T>TAA;TAA;frameshift_variant;HIGH;mt-Nd4;ENSMUSG00000064363;transcript;ENSMUST00000082414.1;protein_coding;1/1;c.66_67dupAA;p.Thr23fs;68/1378;68/1378;23/458;;WARNING_TRANSCRIPT_INCOMPLETE&INFO_REALIGN_3_PRIME;no
MT;11611;C;A;C>A;A;splice_region_variant&non_coding_transcript_exon_variant;LOW;mt-Th;ENSMUSG00000064364;transcript;ENSMUST00000082415.1;Mt_tRNA;1/1;n.66C>A;;;;;;;no
MT;11653;T;TA;T>TA;TA;non_coding_transcript_exon_variant;MODIFIER;mt-Ts2;ENSMUSG00000064365;transcript;ENSMUST00000082416.1;Mt_tRNA;1/1;n.46dupA;;;;;;INFO_REALIGN_3_PRIME;no
MT;11668;C;A;C>A;A;non_coding_transcript_exon_variant;MODIFIER;mt-Ts2;ENSMUSG00000064365;transcript;ENSMUST00000082416.1;Mt_tRNA;1/1;n.56C>A;;;;;;;no
MT;11674;T;A;T>A;A;non_coding_transcript_exon_variant;MODIFIER;mt-Tl2;ENSMUSG00000064366;transcript;ENSMUST00000082417.1;Mt_tRNA;1/1;n.4T>A;;;;;;;no
MT;11677;A;AT;A>AT;AT;non_coding_transcript_exon_variant;MODIFIER;mt-Tl2;ENSMUSG00000064366;transcript;ENSMUST00000082417.1;Mt_tRNA;1/1;n.8dupT;;;;;;INFO_REALIGN_3_PRIME;no
MT;11679;A;T;A>T;T;non_coding_transcript_exon_variant;MODIFIER;mt-Tl2;ENSMUSG00000064366;transcript;ENSMUST00000082417.1;Mt_tRNA;1/1;n.9A>T;;;;;;;no
MT;11679;AGG;CCT;AGG>CCT;CCT;non_coding_transcript_exon_variant;MODIFIER;mt-Tl2;ENSMUSG00000064366;transcript;ENSMUST00000082417.1;Mt_tRNA;1/1;n.9_11delAGGinsCCT;;;;;;;no
MT;11683;TAA;T;TAA>T;T;non_coding_transcript_exon_variant;MODIFIER;mt-Tl2;ENSMUSG00000064366;transcript;ENSMUST00000082417.1;Mt_tRNA;1/1;n.14_15delAA;;;;;;;no
MT;11686;T;A;T>A;A;non_coding_transcript_exon_variant;MODIFIER;mt-Tl2;ENSMUSG00000064366;transcript;ENSMUST00000082417.1;Mt_tRNA;1/1;n.16T>A;;;;;;;no
MT;11687;A;T;A>T;T;non_coding_transcript_exon_variant;MODIFIER;mt-Tl2;ENSMUSG00000064366;transcript;ENSMUST00000082417.1;Mt_tRNA;1/1;n.17A>T;;;;;;;no
MT;11689;T;C;T>C;C;non_coding_transcript_exon_variant;MODIFIER;mt-Tl2;ENSMUSG00000064366;transcript;ENSMUST00000082417.1;Mt_tRNA;1/1;n.19T>C;;;;;;;no
MT;11690;A;AAGAAAGCCATGTTTTTAAAC;A>AAGAAAGCCATGTTTTTAAAC;AAGAAAGCCATGTTTTTAAAC;non_coding_transcript_exon_variant;MODIFIER;mt-Tl2;ENSMUSG00000064366;transcript;ENSMUST00000082417.1;Mt_tRNA;1/1;n.21_22insGAAAGCCATGTTTTTAAACA;;;;;;INFO_REALIGN_3_PRIME;no
MT;11690;AAT;A;AAT>A;A;non_coding_transcript_exon_variant;MODIFIER;mt-Tl2;ENSMUSG00000064366;transcript;ENSMUST00000082417.1;Mt_tRNA;1/1;n.21_22delAT;;;;;;;no
MT;11695;A;AAGGTTT;A>AAGGTTT;AAGGTTT;non_coding_transcript_exon_variant;MODIFIER;mt-Tl2;ENSMUSG00000064366;transcript;ENSMUST00000082417.1;Mt_tRNA;1/1;n.25_26insAGGTTT;;;;;;;no
MT;11700;T;TTC;T>TTC;TTC;non_coding_transcript_exon_variant;MODIFIER;mt-Tl2;ENSMUSG00000064366;transcript;ENSMUST00000082417.1;Mt_tRNA;1/1;n.30_31insTC;;;;;;;no
MT;11703;T;A;T>A;A;non_coding_transcript_exon_variant;MODIFIER;mt-Tl2;ENSMUSG00000064366;transcript;ENSMUST00000082417.1;Mt_tRNA;1/1;n.33T>A;;;;;;;no
MT;11705;GGA;G;GGA>G;G;non_coding_transcript_exon_variant;MODIFIER;mt-Tl2;ENSMUSG00000064366;transcript;ENSMUST00000082417.1;Mt_tRNA;1/1;n.36_37delGA;;;;;;;no
MT;11710;C;CA;C>CA;CA;non_coding_transcript_exon_variant;MODIFIER;mt-Tl2;ENSMUSG00000064366;transcript;ENSMUST00000082417.1;Mt_tRNA;1/1;n.45dupA;;;;;;INFO_REALIGN_3_PRIME;no
MT;11712;AAAACCT;A;AAAACCT>A;A;non_coding_transcript_exon_variant;MODIFIER;mt-Tl2;ENSMUSG00000064366;transcript;ENSMUST00000082417.1;Mt_tRNA;1/1;n.43_48delAAACCT;;;;;;;no
MT;11720;G;GATTACTTTTATTT;G>GATTACTTTTATTT;GATTACTTTTATTT;non_coding_transcript_exon_variant;MODIFIER;mt-Tl2;ENSMUSG00000064366;transcript;ENSMUST00000082417.1;Mt_tRNA;1/1;n.50_51insATTACTTTTATTT;;;;;;;no
MT;11721;G;GAT;G>GAT;GAT;non_coding_transcript_exon_variant;MODIFIER;mt-Tl2;ENSMUSG00000064366;transcript;ENSMUST00000082417.1;Mt_tRNA;1/1;n.51_52insAT;;;;;;;no
MT;11721;G;GGATT;G>GGATT;GGATT;non_coding_transcript_exon_variant;MODIFIER;mt-Tl2;ENSMUSG00000064366;transcript;ENSMUST00000082417.1;Mt_tRNA;1/1;n.51_52insGATT;;;;;;;no
MT;11723;G;A;G>A;A;non_coding_transcript_exon_variant;MODIFIER;mt-Tl2;ENSMUSG00000064366;transcript;ENSMUST00000082417.1;Mt_tRNA;1/1;n.53G>A;;;;;;;no
MT;11723;G;T;G>T;T;non_coding_transcript_exon_variant;MODIFIER;mt-Tl2;ENSMUSG00000064366;transcript;ENSMUST00000082417.1;Mt_tRNA;1/1;n.53G>T;;;;;;;no
MT;11725;A;T;A>T;T;non_coding_transcript_exon_variant;MODIFIER;mt-Tl2;ENSMUSG00000064366;transcript;ENSMUST00000082417.1;Mt_tRNA;1/1;n.55A>T;;;;;;;no
MT;11726;A;ATT;A>ATT;ATT;non_coding_transcript_exon_variant;MODIFIER;mt-Tl2;ENSMUSG00000064366;transcript;ENSMUST00000082417.1;Mt_tRNA;1/1;n.56_57insTT;;;;;;;no
MT;11730;CA;C;CA>C;C;non_coding_transcript_exon_variant;MODIFIER;mt-Tl2;ENSMUSG00000064366;transcript;ENSMUST00000082417.1;Mt_tRNA;1/1;n.63delA;;;;;;INFO_REALIGN_3_PRIME;no
MT;11732;A;T;A>T;T;non_coding_transcript_exon_variant;MODIFIER;mt-Tl2;ENSMUSG00000064366;transcript;ENSMUST00000082417.1;Mt_tRNA;1/1;n.62A>T;;;;;;;no
MT;12532;A;AC;A>AC;AC;frameshift_variant;HIGH;mt-Nd5;ENSMUSG00000064367;transcript;ENSMUST00000082418.1;protein_coding;1/1;c.796dupC;p.Leu266fs;797/1824;797/1824;266/607;;INFO_REALIGN_3_PRIME;lof
MT;12532;A;ACC;A>ACC;ACC;frameshift_variant;HIGH;mt-Nd5;ENSMUSG00000064367;transcript;ENSMUST00000082418.1;protein_coding;1/1;c.795_796dupCC;p.Leu266fs;797/1824;797/1824;266/607;;INFO_REALIGN_3_PRIME;lof
MT;12532;A;C;A>C;C;missense_variant;MODERATE;mt-Nd5;ENSMUSG00000064367;transcript;ENSMUST00000082418.1;protein_coding;1/1;c.791A>C;p.His264Pro;791/1824;791/1824;264/607;;;no
MT;12535;C;A;C>A;A;missense_variant;MODERATE;mt-Nd5;ENSMUSG00000064367;transcript;ENSMUST00000082418.1;protein_coding;1/1;c.794C>A;p.Pro265His;794/1824;794/1824;265/607;;;no
MT;12538;T;A;T>A;A;missense_variant;MODERATE;mt-Nd5;ENSMUSG00000064367;transcript;ENSMUST00000082418.1;protein_coding;1/1;c.797T>A;p.Leu266His;797/1824;797/1824;266/607;;;no
MT;12538;T;C;T>C;C;missense_variant;MODERATE;mt-Nd5;ENSMUSG00000064367;transcript;ENSMUST00000082418.1;protein_coding;1/1;c.797T>C;p.Leu266Pro;797/1824;797/1824;266/607;;;no
MT;12540;A;AGC;A>AGC;AGC;frameshift_variant;HIGH;mt-Nd5;ENSMUSG00000064367;transcript;ENSMUST00000082418.1;protein_coding;1/1;c.799_800insGC;p.Thr267fs;800/1824;800/1824;267/607;;;lof
MT;12542;G;A;G>A;A;synonymous_variant;LOW;mt-Nd5;ENSMUSG00000064367;transcript;ENSMUST00000082418.1;protein_coding;1/1;c.801G>A;p.Thr267Thr;801/1824;801/1824;267/607;;;no
MT;12545;T;A;T>A;A;synonymous_variant;LOW;mt-Nd5;ENSMUSG00000064367;transcript;ENSMUST00000082418.1;protein_coding;1/1;c.804T>A;p.Thr268Thr;804/1824;804/1824;268/607;;;no
MT;12546;A;ACAT;A>ACAT;ACAT;disruptive_inframe_insertion;MODERATE;mt-Nd5;ENSMUSG00000064367;transcript;ENSMUST00000082418.1;protein_coding;1/1;c.805_806insCAT;p.Asn269delinsThrTyr;806/1824;806/1824;269/607;;;no
MT;12550;A;AGC;A>AGC;AGC;frameshift_variant;HIGH;mt-Nd5;ENSMUSG00000064367;transcript;ENSMUST00000082418.1;protein_coding;1/1;c.809_810insGC;p.Asn270fs;810/1824;810/1824;270/607;;;lof
MT;12552;A;AT;A>AT;AT;frameshift_variant;HIGH;mt-Nd5;ENSMUSG00000064367;transcript;ENSMUST00000082418.1;protein_coding;1/1;c.811_812insT;p.Asn271fs;812/1824;812/1824;271/607;;;lof
MT;12554;C;G;C>G;G;missense_variant;MODERATE;mt-Nd5;ENSMUSG00000064367;transcript;ENSMUST00000082418.1;protein_coding;1/1;c.813C>G;p.Asn271Lys;813/1824;813/1824;271/607;;;no
MT;12557;T;TG;T>TG;TG;frameshift_variant;HIGH;mt-Nd5;ENSMUSG00000064367;transcript;ENSMUST00000082418.1;protein_coding;1/1;c.816_817insG;p.Ile273fs;817/1824;817/1824;273/607;;;lof
MT;12562;T;TCCCTA;T>TCCCTA;TCCCTA;frameshift_variant;HIGH;mt-Nd5;ENSMUSG00000064367;transcript;ENSMUST00000082418.1;protein_coding;1/1;c.821_822insCCCTA;p.Leu274fs;822/1824;822/1824;274/607;;;lof
MT;12571;T;A;T>A;A;missense_variant;MODERATE;mt-Nd5;ENSMUSG00000064367;transcript;ENSMUST00000082418.1;protein_coding;1/1;c.830T>A;p.Met277Lys;830/1824;830/1824;277/607;;;no
MT;12574;TTTG;T;TTTG>T;T;disruptive_inframe_deletion;MODERATE;mt-Nd5;ENSMUSG00000064367;transcript;ENSMUST00000082418.1;protein_coding;1/1;c.834_836delTTG;p.Cys279del;834/1824;834/1824;278/607;;;no
MT;12579;C;A;C>A;A;missense_variant;MODERATE;mt-Nd5;ENSMUSG00000064367;transcript;ENSMUST00000082418.1;protein_coding;1/1;c.838C>A;p.Leu280Ile;838/1824;838/1824;280/607;;;no
MT;12580;TCG;T;TCG>T;T;frameshift_variant;HIGH;mt-Nd5;ENSMUSG00000064367;transcript;ENSMUST00000082418.1;protein_coding;1/1;c.840_841delCG;p.Gly281fs;840/1824;840/1824;280/607;;;lof
MT;12635;C;CA;C>CA;CA;frameshift_variant;HIGH;mt-Nd5;ENSMUSG00000064367;transcript;ENSMUST00000082418.1;protein_coding;1/1;c.901dupA;p.Ile301fs;902/1824;902/1824;301/607;;INFO_REALIGN_3_PRIME;lof
MT;12635;C;CAA;C>CAA;CAA;frameshift_variant;HIGH;mt-Nd5;ENSMUSG00000064367;transcript;ENSMUST00000082418.1;protein_coding;1/1;c.900_901dupAA;p.Ile301fs;902/1824;902/1824;301/607;;INFO_REALIGN_3_PRIME;lof
MT;13020;AT;A;AT>A;A;frameshift_variant;HIGH;mt-Nd5;ENSMUSG00000064367;transcript;ENSMUST00000082418.1;protein_coding;1/1;c.1282delT;p.Tyr428fs;1282/1824;1282/1824;428/607;;INFO_REALIGN_3_PRIME;lof
MT;13043;AC;A;AC>A;A;frameshift_variant;HIGH;mt-Nd5;ENSMUSG00000064367;transcript;ENSMUST00000082418.1;protein_coding;1/1;c.1304delC;p.Pro435fs;1304/1824;1304/1824;435/607;;INFO_REALIGN_3_PRIME;lof
MT;13047;C;CG;C>CG;CG;frameshift_variant;HIGH;mt-Nd5;ENSMUSG00000064367;transcript;ENSMUST00000082418.1;protein_coding;1/1;c.1307dupG;p.Pro438fs;1308/1824;1308/1824;436/607;;INFO_REALIGN_3_PRIME;lof
MT;13052;T;TC;T>TC;TC;frameshift_variant;HIGH;mt-Nd5;ENSMUSG00000064367;transcript;ENSMUST00000082418.1;protein_coding;1/1;c.1318dupC;p.Leu440fs;1319/1824;1319/1824;440/607;;INFO_REALIGN_3_PRIME;lof
MT;13052;T;TCC;T>TCC;TCC;frameshift_variant;HIGH;mt-Nd5;ENSMUSG00000064367;transcript;ENSMUST00000082418.1;protein_coding;1/1;c.1317_1318dupCC;p.Leu440fs;1319/1824;1319/1824;440/607;;INFO_REALIGN_3_PRIME;lof
MT;13060;T;C;T>C;C;missense_variant;MODERATE;mt-Nd5;ENSMUSG00000064367;transcript;ENSMUST00000082418.1;protein_coding;1/1;c.1319T>C;p.Leu440Pro;1319/1824;1319/1824;440/607;;;no
MT;13323;T;C;T>C;C;missense_variant;MODERATE;mt-Nd5;ENSMUSG00000064367;transcript;ENSMUST00000082418.1;protein_coding;1/1;c.1582T>C;p.Phe528Leu;1582/1824;1582/1824;528/607;;;no
MT;13516;T;TAATTAACATCATCTTAATTATTATCTTATACTCGAGATTAATTGAGTATAAGATAATAATTAAGATGATGTTAATTAGGAATGATATAAAGTAC;T>TAATTAACATCATCTTAATTATTATCTTATACTCGAGATTAATTGAGTATAAGATAATAATTAAGATGATGTTAATTAGGAATGATATAAAGTAC;TAATTAACATCATCTTAATTATTATCTTATACTCGAGATTAATTGAGTATAAGATAATAATTAAGATGATGTTAATTAGGAATGATATAAAGTAC;frameshift_variant&stop_gained;HIGH;mt-Nd5;ENSMUSG00000064367;transcript;ENSMUST00000082418.1;protein_coding;1/1;c.1808_1809insGAGATTAATTGAGTATAAGATAATAATTAAGATGATGTTAATTAGGAATGATATAAAGTACAATTAACATCATCTTAATTATTATCTTATACTC;p.Ile604fs;1809/1824;1809/1824;603/607;;INFO_REALIGN_3_PRIME;no
MT;13516;T;TAATTAACATCATCTTTATTATTATCGAGATTACTCGAGATTAATTGAGTATAAGATAATAATTAAGATGATGTTAATTAGGAATGATATAAAGTAC;T>TAATTAACATCATCTTTATTATTATCGAGATTACTCGAGATTAATTGAGTATAAGATAATAATTAAGATGATGTTAATTAGGAATGATATAAAGTAC;TAATTAACATCATCTTTATTATTATCGAGATTACTCGAGATTAATTGAGTATAAGATAATAATTAAGATGATGTTAATTAGGAATGATATAAAGTAC;stop_gained&disruptive_inframe_insertion;HIGH;mt-Nd5;ENSMUSG00000064367;transcript;ENSMUST00000082418.1;protein_coding;1/1;c.1790_1791insTATTATTATCGAGATTACTCGAGATTAATTGAGTATAAGATAATAATTAAGATGATGTTAATTAGGAATGATATAAAGTACAATTAACATCATCTT;p.Ile596_Leu597insPheIleIleIleGluIleThrArgAspTerLeuSerMetTerTerTerLeuTerTrpCysTerLeuGlyMetMetTerSerThrIleAsnIleIle;1791/1824;1791/1824;597/607;;INFO_REALIGN_3_PRIME;no
MT;13765;T;TA;T>TA;TA;frameshift_variant;HIGH;mt-Nd6;ENSMUSG00000064368;transcript;ENSMUST00000082419.1;protein_coding;1/1;c.305dupT;p.Leu102fs;305/519;305/519;102/172;;;lof
MT;13765;T;TAA;T>TAA;TAA;frameshift_variant;HIGH;mt-Nd6;ENSMUSG00000064368;transcript;ENSMUST00000082419.1;protein_coding;1/1;c.304_305dupTT;p.Leu102fs;305/519;305/519;102/172;;;lof
MT;13784;A;AC;A>AC;AC;frameshift_variant;HIGH;mt-Nd6;ENSMUSG00000064368;transcript;ENSMUST00000082419.1;protein_coding;1/1;c.286dupG;p.Val96fs;286/519;286/519;96/172;;;lof
MT;13786;C;A;C>A;A;synonymous_variant;LOW;mt-Nd6;ENSMUSG00000064368;transcript;ENSMUST00000082419.1;protein_coding;1/1;c.285G>T;p.Gly95Gly;285/519;285/519;95/172;;;no
MT;13826;CA;C;CA>C;C;frameshift_variant;HIGH;mt-Nd6;ENSMUSG00000064368;transcript;ENSMUST00000082419.1;protein_coding;1/1;c.244delT;p.Trp82fs;244/519;244/519;82/172;;;lof
MT;13884;T;C;T>C;C;missense_variant;MODERATE;mt-Nd6;ENSMUSG00000064368;transcript;ENSMUST00000082419.1;protein_coding;1/1;c.187A>G;p.Met63Val;187/519;187/519;63/172;;;no
MT;13884;T;TC;T>TC;TC;frameshift_variant;HIGH;mt-Nd6;ENSMUSG00000064368;transcript;ENSMUST00000082419.1;protein_coding;1/1;c.186dupG;p.Met63fs;186/519;186/519;62/172;;;lof
MT;13884;T;TCC;T>TCC;TCC;frameshift_variant;HIGH;mt-Nd6;ENSMUSG00000064368;transcript;ENSMUST00000082419.1;protein_coding;1/1;c.185_186dupGG;p.Met63fs;186/519;186/519;62/172;;;lof
MT;13891;T;C;T>C;C;synonymous_variant;LOW;mt-Nd6;ENSMUSG00000064368;transcript;ENSMUST00000082419.1;protein_coding;1/1;c.180A>G;p.Leu60Leu;180/519;180/519;60/172;;;no
MT;13900;T;TA;T>TA;TA;frameshift_variant;HIGH;mt-Nd6;ENSMUSG00000064368;transcript;ENSMUST00000082419.1;protein_coding;1/1;c.170dupT;p.Leu57fs;170/519;170/519;57/172;;;lof
MT;13900;T;TAA;T>TAA;TAA;frameshift_variant;HIGH;mt-Nd6;ENSMUSG00000064368;transcript;ENSMUST00000082419.1;protein_coding;1/1;c.169_170dupTT;p.Leu57fs;170/519;170/519;57/172;;;lof
MT;13918;T;TA;T>TA;TA;frameshift_variant;HIGH;mt-Nd6;ENSMUSG00000064368;transcript;ENSMUST00000082419.1;protein_coding;1/1;c.152dupT;p.Leu51fs;152/519;152/519;51/172;;;lof
MT;14032;C;CA;C>CA;CA;frameshift_variant;HIGH;mt-Nd6;ENSMUSG00000064368;transcript;ENSMUST00000082419.1;protein_coding;1/1;c.38dupT;p.Leu13fs;38/519;38/519;13/172;;;lof
MT;14352;T;A;T>A;A;missense_variant;MODERATE;mt-Cytb;ENSMUSG00000064370;transcript;ENSMUST00000082421.1;protein_coding;1/1;c.208T>A;p.Cys70Ser;208/1144;208/1144;70/380;;WARNING_TRANSCRIPT_INCOMPLETE;no
MT;14355;CGAG;C;CGAG>C;C;disruptive_inframe_deletion;MODERATE;mt-Cytb;ENSMUSG00000064370;transcript;ENSMUST00000082421.1;protein_coding;1/1;c.212_214delGAG;p.Arg71_Asp72delinsHis;212/1144;212/1144;71/380;;WARNING_TRANSCRIPT_INCOMPLETE;no
MT;14359;A;ACC;A>ACC;ACC;frameshift_variant;HIGH;mt-Cytb;ENSMUSG00000064370;transcript;ENSMUST00000082421.1;protein_coding;1/1;c.216_217insCC;p.Val73fs;217/1144;217/1144;73/380;;WARNING_TRANSCRIPT_INCOMPLETE&INFO_REALIGN_3_PRIME;lof
MT;14365;A;T;A>T;T;missense_variant;MODERATE;mt-Cytb;ENSMUSG00000064370;transcript;ENSMUST00000082421.1;protein_coding;1/1;c.221A>T;p.Asn74Ile;221/1144;221/1144;74/380;;WARNING_TRANSCRIPT_INCOMPLETE;no
MT;14370;GGGT;G;GGGT>G;G;disruptive_inframe_deletion;MODERATE;mt-Cytb;ENSMUSG00000064370;transcript;ENSMUST00000082421.1;protein_coding;1/1;c.228_230delGTG;p.Trp77del;228/1144;228/1144;76/380;;WARNING_TRANSCRIPT_INCOMPLETE&INFO_REALIGN_3_PRIME;no
MT;14370;GGGTGACTAA;G;GGGTGACTAA>G;G;disruptive_inframe_deletion;MODERATE;mt-Cytb;ENSMUSG00000064370;transcript;ENSMUST00000082421.1;protein_coding;1/1;c.227_235delGGTGACTAA;p.Gly76_Ile79delinsVal;227/1144;227/1144;76/380;;WARNING_TRANSCRIPT_INCOMPLETE;no
MT;14376;C;T;C>T;T;synonymous_variant;LOW;mt-Cytb;ENSMUSG00000064370;transcript;ENSMUST00000082421.1;protein_coding;1/1;c.232C>T;p.Leu78Leu;232/1144;232/1144;78/380;;WARNING_TRANSCRIPT_INCOMPLETE;no
MT;14379;A;G;A>G;G;missense_variant;MODERATE;mt-Cytb;ENSMUSG00000064370;transcript;ENSMUST00000082421.1;protein_coding;1/1;c.235A>G;p.Ile79Val;235/1144;235/1144;79/380;;WARNING_TRANSCRIPT_INCOMPLETE;no
MT;14381;C;CT;C>CT;CT;frameshift_variant;HIGH;mt-Cytb;ENSMUSG00000064370;transcript;ENSMUST00000082421.1;protein_coding;1/1;c.237_238insT;p.Arg80fs;238/1144;238/1144;80/380;;WARNING_TRANSCRIPT_INCOMPLETE;lof
MT;14381;CCGATATAT;C;CCGATATAT>C;C;frameshift_variant;HIGH;mt-Cytb;ENSMUSG00000064370;transcript;ENSMUST00000082421.1;protein_coding;1/1;c.238_245delCGATATAT;p.Arg80fs;238/1144;238/1144;80/380;;WARNING_TRANSCRIPT_INCOMPLETE;lof
MT;14384;ATATATACACG;A;ATATATACACG>A;A;frameshift_variant;HIGH;mt-Cytb;ENSMUSG00000064370;transcript;ENSMUST00000082421.1;protein_coding;1/1;c.241_250delTATATACACG;p.Tyr81fs;241/1144;241/1144;81/380;;WARNING_TRANSCRIPT_INCOMPLETE;lof
MT;14392;A;C;A>C;C;missense_variant;MODERATE;mt-Cytb;ENSMUSG00000064370;transcript;ENSMUST00000082421.1;protein_coding;1/1;c.248A>C;p.His83Pro;248/1144;248/1144;83/380;;WARNING_TRANSCRIPT_INCOMPLETE;no
MT;14395;C;T;C>T;T;missense_variant;MODERATE;mt-Cytb;ENSMUSG00000064370;transcript;ENSMUST00000082421.1;protein_coding;1/1;c.251C>T;p.Ala84Val;251/1144;251/1144;84/380;;WARNING_TRANSCRIPT_INCOMPLETE;no
MT;14397;AACGGAGCCTCAATATTT;A;AACGGAGCCTCAATATTT>A;A;frameshift_variant;HIGH;mt-Cytb;ENSMUSG00000064370;transcript;ENSMUST00000082421.1;protein_coding;1/1;c.254_270delACGGAGCCTCAATATTT;p.Asn85fs;254/1144;254/1144;85/380;;WARNING_TRANSCRIPT_INCOMPLETE;lof
MT;14397;AACGGAGCCTCAATATTTTTT;A;AACGGAGCCTCAATATTTTTT>A;A;frameshift_variant;HIGH;mt-Cytb;ENSMUSG00000064370;transcript;ENSMUST00000082421.1;protein_coding;1/1;c.255_274delCGGAGCCTCAATATTTTTTA;p.Gly86fs;255/1144;255/1144;85/380;;WARNING_TRANSCRIPT_INCOMPLETE&INFO_REALIGN_3_PRIME;lof
MT;14399;C;T;C>T;T;synonymous_variant;LOW;mt-Cytb;ENSMUSG00000064370;transcript;ENSMUST00000082421.1;protein_coding;1/1;c.255C>T;p.Asn85Asn;255/1144;255/1144;85/380;;WARNING_TRANSCRIPT_INCOMPLETE;no
MT;14418;ATTTGCTTATTC;A;ATTTGCTTATTC>A;A;frameshift_variant;HIGH;mt-Cytb;ENSMUSG00000064370;transcript;ENSMUST00000082421.1;protein_coding;1/1;c.275_285delTTTGCTTATTC;p.Ile92fs;275/1144;275/1144;92/380;;WARNING_TRANSCRIPT_INCOMPLETE;lof
MT;14420;T;G;T>G;G;missense_variant;MODERATE;mt-Cytb;ENSMUSG00000064370;transcript;ENSMUST00000082421.1;protein_coding;1/1;c.276T>G;p.Ile92Met;276/1144;276/1144;92/380;;WARNING_TRANSCRIPT_INCOMPLETE;no
MT;14422;GCTTATTCCTTCA;G;GCTTATTCCTTCA>G;G;disruptive_inframe_deletion;MODERATE;mt-Cytb;ENSMUSG00000064370;transcript;ENSMUST00000082421.1;protein_coding;1/1;c.279_290delCTTATTCCTTCA;p.Leu94_His97del;279/1144;279/1144;93/380;;WARNING_TRANSCRIPT_INCOMPLETE;no
MT;14431;T;G;T>G;G;missense_variant;MODERATE;mt-Cytb;ENSMUSG00000064370;transcript;ENSMUST00000082421.1;protein_coding;1/1;c.287T>G;p.Leu96Arg;287/1144;287/1144;96/380;;WARNING_TRANSCRIPT_INCOMPLETE;no
MT;14433;CATG;C;CATG>C;C;disruptive_inframe_deletion;MODERATE;mt-Cytb;ENSMUSG00000064370;transcript;ENSMUST00000082421.1;protein_coding;1/1;c.290_292delATG;p.His97_Val98delinsLeu;290/1144;290/1144;97/380;;WARNING_TRANSCRIPT_INCOMPLETE;no
MT;14437;TCGGACGAGGCTTATATTATGGATCATA;T;TCGGACGAGGCTTATATTATGGATCATA>T;T;disruptive_inframe_deletion;MODERATE;mt-Cytb;ENSMUSG00000064370;transcript;ENSMUST00000082421.1;protein_coding;1/1;c.294_320delCGGACGAGGCTTATATTATGGATCATA;p.Gly99_Tyr107del;294/1144;294/1144;98/380;;WARNING_TRANSCRIPT_INCOMPLETE;no
MT;14544;C;A;C>A;A;missense_variant;MODERATE;mt-Cytb;ENSMUSG00000064370;transcript;ENSMUST00000082421.1;protein_coding;1/1;c.400C>A;p.Pro134Thr;400/1144;400/1144;134/380;;WARNING_TRANSCRIPT_INCOMPLETE;no
MT;14639;A;AG;A>AG;AG;frameshift_variant;HIGH;mt-Cytb;ENSMUSG00000064370;transcript;ENSMUST00000082421.1;protein_coding;1/1;c.500dupG;p.Phe168fs;501/1144;501/1144;167/380;;WARNING_TRANSCRIPT_INCOMPLETE&INFO_REALIGN_3_PRIME;lof
MT;14639;A;G;A>G;G;synonymous_variant;LOW;mt-Cytb;ENSMUSG00000064370;transcript;ENSMUST00000082421.1;protein_coding;1/1;c.495A>G;p.Trp165Trp;495/1144;495/1144;165/380;;WARNING_TRANSCRIPT_INCOMPLETE;no
MT;14642;G;T;G>T;T;synonymous_variant;LOW;mt-Cytb;ENSMUSG00000064370;transcript;ENSMUST00000082421.1;protein_coding;1/1;c.498G>T;p.Gly166Gly;498/1144;498/1144;166/380;;WARNING_TRANSCRIPT_INCOMPLETE;no
MT;14646;T;TATGTCTACTGAGAAGCCCCCTCAAA;T>TATGTCTACTGAGAAGCCCCCTCAAA;TATGTCTACTGAGAAGCCCCCTCAAA;frameshift_variant;HIGH;mt-Cytb;ENSMUSG00000064370;transcript;ENSMUST00000082421.1;protein_coding;1/1;c.502_503insATGTCTACTGAGAAGCCCCCTCAAA;p.Phe168fs;503/1144;503/1144;168/380;;WARNING_TRANSCRIPT_INCOMPLETE;lof
MT;14861;C;T;C>T;T;synonymous_variant;LOW;mt-Cytb;ENSMUSG00000064370;transcript;ENSMUST00000082421.1;protein_coding;1/1;c.717C>T;p.Leu239Leu;717/1144;717/1144;239/380;;WARNING_TRANSCRIPT_INCOMPLETE;no
MT;14866;C;T;C>T;T;missense_variant;MODERATE;mt-Cytb;ENSMUSG00000064370;transcript;ENSMUST00000082421.1;protein_coding;1/1;c.722C>T;p.Thr241Ile;722/1144;722/1144;241/380;;WARNING_TRANSCRIPT_INCOMPLETE;no
MT;14874;T;TGTCTGGGAAAAATAATACTAGGGTTATGAGAATTAAGAA;T>TGTCTGGGAAAAATAATACTAGGGTTATGAGAATTAAGAA;TGTCTGGGAAAAATAATACTAGGGTTATGAGAATTAAGAA;stop_gained&disruptive_inframe_insertion;HIGH;mt-Cytb;ENSMUSG00000064370;transcript;ENSMUST00000082421.1;protein_coding;1/1;c.730_731insGTCTGGGAAAAATAATACTAGGGTTATGAGAATTAAGAA;p.Leu244delinsCysLeuGlyLysMetMetLeuGlyLeuTrpGluLeuTerMet;731/1144;731/1144;244/380;;WARNING_TRANSCRIPT_INCOMPLETE;no
MT;15337;ATCTTC;A;ATCTTC>A;A;non_coding_transcript_exon_variant;MODIFIER;mt-Tt;ENSMUSG00000064371;transcript;ENSMUST00000082422.1;Mt_tRNA;1/1;n.57_61delTTCTC;;;;;;INFO_REALIGN_3_PRIME;no
MT;15381;C;T;C>T;T;non_coding_transcript_exon_variant;MODIFIER;mt-Tp;ENSMUSG00000064372;transcript;ENSMUST00000082423.1;Mt_tRNA;1/1;n.42G>A;;;;;;;no
MT;15387;C;CTTTGAGTGCTGGTGGTGGGG;C>CTTTGAGTGCTGGTGGTGGGG;CTTTGAGTGCTGGTGGTGGGG;non_coding_transcript_exon_variant;MODIFIER;mt-Tp;ENSMUSG00000064372;transcript;ENSMUST00000082423.1;Mt_tRNA;1/1;n.35_36insCCCCACCACCAGCACTCAAA;;;;;;;no
MT;15418;T;A;T>A;A;non_coding_transcript_exon_variant;MODIFIER;mt-Tp;ENSMUSG00000064372;transcript;ENSMUST00000082423.1;Mt_tRNA;1/1;n.5A>T;;;;;;;no
MT;15424;G;A;G>A;A;intergenic_region;MODIFIER;mt-Tp-CHR_END;ENSMUSG00000064372-CHR_END;intergenic_region;ENSMUSG00000064372-CHR_END;;;n.15424G>A;;;;;;;no
MT;15430;A;AGCCG;A>AGCCG;AGCCG;intergenic_region;MODIFIER;mt-Tp-CHR_END;ENSMUSG00000064372-CHR_END;intergenic_region;ENSMUSG00000064372-CHR_END;;;n.15430_15431insGCCG;;;;;;;no
MT;15723;CA;C;CA>C;C;intergenic_region;MODIFIER;mt-Tp-CHR_END;ENSMUSG00000064372-CHR_END;intergenic_region;ENSMUSG00000064372-CHR_END;;;n.15724delA;;;;;;;no
MT;15743;C;A;C>A;A;intergenic_region;MODIFIER;mt-Tp-CHR_END;ENSMUSG00000064372-CHR_END;intergenic_region;ENSMUSG00000064372-CHR_END;;;n.15743C>A;;;;;;;no
MT;15768;TA;T;TA>T;T;intergenic_region;MODIFIER;mt-Tp-CHR_END;ENSMUSG00000064372-CHR_END;intergenic_region;ENSMUSG00000064372-CHR_END;;;n.15769delA;;;;;;;no
MT;16092;A;AC;A>AC;AC;intergenic_region;MODIFIER;mt-Tp-CHR_END;ENSMUSG00000064372-CHR_END;intergenic_region;ENSMUSG00000064372-CHR_END;;;n.16092_16093insC;;;;;;;no
MT;16099;A;AC;A>AC;AC;intergenic_region;MODIFIER;mt-Tp-CHR_END;ENSMUSG00000064372-CHR_END;intergenic_region;ENSMUSG00000064372-CHR_END;;;n.16099_16100insC;;;;;;;no
MT;16099;A;C;A>C;C;intergenic_region;MODIFIER;mt-Tp-CHR_END;ENSMUSG00000064372-CHR_END;intergenic_region;ENSMUSG00000064372-CHR_END;;;n.16099A>C;;;;;;;no
MT;16105;T;C;T>C;C;intergenic_region;MODIFIER;mt-Tp-CHR_END;ENSMUSG00000064372-CHR_END;intergenic_region;ENSMUSG00000064372-CHR_END;;;n.16105T>C;;;;;;;no
MT;16108;T;C;T>C;C;intergenic_region;MODIFIER;mt-Tp-CHR_END;ENSMUSG00000064372-CHR_END;intergenic_region;ENSMUSG00000064372-CHR_END;;;n.16108T>C;;;;;;;no
MT;16115;G;A;G>A;A;intergenic_region;MODIFIER;mt-Tp-CHR_END;ENSMUSG00000064372-CHR_END;intergenic_region;ENSMUSG00000064372-CHR_END;;;n.16115G>A;;;;;;;no
MT;16115;G;T;G>T;T;intergenic_region;MODIFIER;mt-Tp-CHR_END;ENSMUSG00000064372-CHR_END;intergenic_region;ENSMUSG00000064372-CHR_END;;;n.16115G>T;;;;;;;no
MT;16118;A;C;A>C;C;intergenic_region;MODIFIER;mt-Tp-CHR_END;ENSMUSG00000064372-CHR_END;intergenic_region;ENSMUSG00000064372-CHR_END;;;n.16118A>C;;;;;;;no
MT;16136;G;A;G>A;A;intergenic_region;MODIFIER;mt-Tp-CHR_END;ENSMUSG00000064372-CHR_END;intergenic_region;ENSMUSG00000064372-CHR_END;;;n.16136G>A;;;;;;;no
MT;16146;G;A;G>A;A;intergenic_region;MODIFIER;mt-Tp-CHR_END;ENSMUSG00000064372-CHR_END;intergenic_region;ENSMUSG00000064372-CHR_END;;;n.16146G>A;;;;;;;no
MT;16150;T;A;T>A;A;intergenic_region;MODIFIER;mt-Tp-CHR_END;ENSMUSG00000064372-CHR_END;intergenic_region;ENSMUSG00000064372-CHR_END;;;n.16150T>A;;;;;;;no
